log,variant,status,error_type,error_message,discovery_time,fitness_time,precision_time,generalization_time,simplicity_time,log_fitness,precision,generalization,simplicity
bpi2013_open_problems,AM,ok,,,0.0014891624450683,0.0133218765258789,0.0081408023834228,0.0465061664581298,7.581710815429688e-05,0.5167192429022083,1.0,0.9576399191501042,0.7142857142857143
bpi2013_open_problems,HM,ok,,,0.0055890083312988,0.0207178592681884,0.0375947952270507,0.0210621356964111,4.2438507080078125e-05,0.994787287708088,0.9620563035495716,0.8611132579521872,0.625
bpi2013_open_problems,IM,ok,,,0.002652883529663,0.0466408729553222,0.0563099384307861,0.0220310688018798,4.410743713378906e-05,1.0,0.9065645824471856,0.933341049517457,0.6923076923076922
bpi2013_open_problems,IMf,ok,,,0.0021131038665771,0.020190954208374,0.0562238693237304,0.0211820602416992,3.1948089599609375e-05,1.0,0.9065645824471856,0.933341049517457,0.6923076923076922
bpi2013_open_problems,IMd,ok,,,0.0011520385742187,0.0171678066253662,0.0318720340728759,0.0178759098052978,2.5033950805664062e-05,0.98974515179206,0.9741310903031264,0.96197551956781,0.7391304347826086
bpi2013_closed_problems,AM,ok,,,0.031876802444458,0.0237951278686523,0.0198867321014404,0.0241057872772216,2.5272369384765625e-05,0.6403632397723371,1.0,0.9023236894363824,1.0
bpi2013_closed_problems,HM,ok,,,0.0063991546630859,0.0388929843902587,0.153609037399292,0.0408589839935302,2.694129943847656e-05,0.9944995246502784,0.8684298767708944,0.7139696253234955,0.6190476190476191
bpi2013_closed_problems,IM,ok,,,0.0064456462860107,0.0474863052368164,0.2151329517364502,0.049391746520996,2.8133392333984375e-05,1.0,0.793213587855103,0.8770683921112377,0.6603773584905661
bpi2013_closed_problems,IMf,ok,,,0.006843090057373,0.0755047798156738,0.2247202396392822,0.0517239570617675,3.314018249511719e-05,1.0,0.793213587855103,0.8770683921112377,0.6603773584905661
bpi2013_closed_problems,IMd,ok,,,0.0023939609527587,0.0433521270751953,0.1731529235839843,0.0447289943695068,2.5987625122070312e-05,1.0,0.7923798798798799,0.9417621438127408,0.6842105263157894
sepsis,AM,ok,,,0.0050849914550781,0.2412781715393066,0.5720970630645752,0.2178797721862793,3.0994415283203125e-05,0.2658896119719338,0.4426422388436003,0.9131789227698268,0.4782608695652174
sepsis,HM,ok,,,0.0254781246185302,0.5737941265106201,1.6762080192565918,0.5943691730499268,4.482269287109375e-05,0.89721291069021,0.7033112582781457,0.8413894545208539,0.4331983805668016
sepsis,IM,ok,,,0.1742970943450927,0.5161926746368408,9.343623161315918,0.492171049118042,4.673004150390625e-05,1.0,0.2576207541934074,0.9024534736155712,0.6223776223776223
sepsis,IMf,ok,,,0.1971502304077148,0.4901928901672363,9.27888321876526,0.489743709564209,4.9114227294921875e-05,1.0,0.2576207541934074,0.9024534736155712,0.6223776223776223
sepsis,IMd,ok,,,0.0110828876495361,0.3262968063354492,3.9725401401519775,0.409343957901001,4.1961669921875e-05,1.0,0.179251018798475,0.9266596408851776,0.4545454545454545
bpi2020_prepaid,AM,ok,,,0.0351767539978027,0.1399052143096923,0.0467429161071777,0.1444461345672607,7.295608520507812e-05,0.4702681384715757,0.0,0.8773091720949231,0.1867088607594936
bpi2020_prepaid,HM,ok,,,0.0428159236907959,0.1417028903961181,0.2908353805541992,0.1274287700653076,4.7206878662109375e-05,0.9016178004778508,0.8877260430015663,0.5988575329285628,0.5238095238095238
bpi2020_prepaid,IM,ok,,,0.2184650897979736,0.3021857738494873,2.846893072128296,0.3245627880096435,4.7206878662109375e-05,0.9865754284763762,0.1559987779324221,0.8855338473549144,0.5903614457831325
bpi2020_prepaid,IMf,ok,,,0.2260951995849609,0.3009028434753418,2.839184045791626,0.3265738487243652,4.8160552978515625e-05,0.9865754284763762,0.1559987779324221,0.8855338473549144,0.5903614457831325
bpi2020_prepaid,IMd,ok,,,0.0057559013366699,0.0656449794769287,0.3586039543151855,0.0722291469573974,3.0040740966796875e-05,1.0,0.109501562931129,0.8904211520153033,0.4042553191489361
bpi2020_payment,AM,ok,,,0.0173640251159667,0.0392351150512695,0.0240998268127441,0.0761229991912841,4.220008850097656e-05,0.6986954515961711,0.0,0.783603029532564,0.3333333333333333
bpi2020_payment,HM,ok,,,0.0590720176696777,0.0421380996704101,0.0559720993041992,0.0876197814941406,5.125999450683594e-05,0.9375704546963164,0.8082905921163525,0.6750512131653676,0.5630252100840336
bpi2020_payment,IM,ok,,,0.0338869094848632,0.0514960289001464,0.2156238555908203,0.1058821678161621,5.91278076171875e-05,1.0,0.2933515233338684,0.8669709790187637,0.6000000000000001
bpi2020_payment,IMf,ok,,,0.0321369171142578,0.0500059127807617,0.2525088787078857,0.0717520713806152,5.0067901611328125e-05,1.0,0.2933515233338684,0.8669709790187637,0.6000000000000001
bpi2020_payment,IMd,ok,,,0.0078961849212646,0.0757849216461181,0.0935819149017334,0.0603470802307128,3.314018249511719e-05,1.0,0.177773899909029,0.8350845701975759,0.4647887323943662
bpi2020_domestic,AM,ok,,,0.0328860282897949,0.1163797378540039,0.0363903045654296,0.1036667823791503,4.57763671875e-05,0.723032771051894,0.2499821441325619,0.7850529071958833,0.3541666666666666
bpi2020_domestic,HM,ok,,,0.0576479434967041,0.0540058612823486,0.0721480846405029,0.1121909618377685,4.8160552978515625e-05,0.9251912994498018,0.8670356093278883,0.7516056740657073,0.5869565217391304
bpi2020_domestic,IM,ok,,,0.0397212505340576,0.1042761802673339,0.200618028640747,0.128699779510498,4.8160552978515625e-05,1.0,0.3908057925066429,0.8554073029005208,0.6000000000000001
bpi2020_domestic,IMf,ok,,,0.0393619537353515,0.0614469051361084,0.2354421615600586,0.0918588638305664,5.507469177246094e-05,1.0,0.3908057925066429,0.8554073029005208,0.6000000000000001
bpi2020_domestic,IMd,ok,,,0.0100469589233398,0.0930819511413574,0.1209430694580078,0.1320881843566894,4.482269287109375e-05,1.0,0.1975518121669374,0.8421750047212034,0.4769230769230769
bpi2020_international,AM,ok,,,0.0349740982055664,0.4300239086151123,0.3229708671569824,0.441195011138916,5.221366882324219e-05,0.543631678095892,0.0,0.8987121474400191,0.2668810289389067
bpi2020_international,HM,ok,,,0.0852627754211425,0.6000640392303467,0.9733610153198242,0.6108801364898682,6.604194641113281e-05,0.9008728252313236,0.914192461570857,0.673505998949668,0.5
bpi2020_international,IM,ok,,,0.3429579734802246,0.9885389804840088,14.000832080841064,1.0174760818481443,8.487701416015625e-05,0.9707533277618512,0.225696298955442,0.8766720880937127,0.6222222222222222
bpi2020_international,IMf,ok,,,0.3636460304260254,0.9948327541351318,14.347684144973757,1.0585110187530518,8.487701416015625e-05,0.9707533277618512,0.225696298955442,0.8766720880937127,0.6222222222222222
bpi2020_international,IMd,ok,,,0.0177199840545654,0.3530819416046142,1.9756309986114504,0.346780776977539,4.8160552978515625e-05,1.0,0.0954493313451283,0.9085268002629592,0.3944954128440366
bpi2020_permit,AM,ok,,,0.0451099872589111,1.5663409233093262,1.806401014328003,1.5785279273986816,6.103515625e-05,0.4198968932593854,0.0,0.8552671808747483,0.419047619047619
bpi2020_permit,HM,ok,,,0.1572308540344238,2.8542721271514893,6.110392093658447,2.876260995864868,0.0001120567321777,0.8863874841474804,0.8137442437123628,0.5988249123488872,0.4759036144578313
bpi2020_permit,IM,ok,,,3.6223862171173096,2.517025947570801,131.1910800933838,3.822504758834839,0.0001440048217773,1.0,0.0980371653000842,0.8616797985629044,0.5946547884187082
bpi2020_permit,IMf,ok,,,5.298885107040405,3.604384899139404,127.44443368911745,3.3305280208587646,0.0001218318939208,1.0,0.0980371653000842,0.8616797985629044,0.5946547884187082
bpi2020_permit,IMd,ok,,,0.0387861728668212,1.1338238716125488,12.573461055755615,1.1326148509979248,5.602836608886719e-05,1.0,0.0701582627715042,0.8652393738255396,0.375
bpic15_2,HM,ok,,,7.337656736373901,135.65795302391052,232.20457410812375,135.8471601009369,0.001101016998291,0.7755888262194399,0.7718767198679142,0.4241032724706359,0.4268320698368941
bpic15_2,IM,error,RecursionError,maximum recursion depth exceeded,,,,,,,,,
bpic15_2,IMf,error,RecursionError,maximum recursion depth exceeded,,,,,,,,,
bpic15_2,IMd,ok,,,0.4697120189666748,5.4544899463653564,236.98343300819397,5.920655012130737,0.0001780986785888672,1.0,0.004746681184411461,0.630479323366272,0.3482786228983187
bpic15_4,HM,ok,,,4.257278919219971,75.49378800392151,226.84964299201965,78.28249502182007,0.0007662773132324219,0.8159644776866415,0.6456355135682268,0.4574942132976124,0.45604308569618246
bpic15_4,IM,error,RecursionError,maximum recursion depth exceeded,,,,,,,,,
bpic15_4,IMf,error,RecursionError,maximum recursion depth exceeded,,,,,,,,,
bpic15_4,IMd,ok,,,0.4120509624481201,5.786454916000366,179.32227897644043,5.638566017150879,0.00012421607971191406,1.0,0.006367719472351485,0.6484303825122886,0.34701492537313433
bpi2013_incidents,AM,ok,,,0.03482699394226074,0.40825605392456055,0.8890111446380615,0.35480332374572754,3.886222839355469e-05,0.22611676593403518,0.6000158860441103,0.8824986163548602,1.0
bpi2013_incidents,HM,ok,,,0.08244109153747559,0.5793859958648682,5.229136943817139,0.6251950263977051,4.506111145019531e-05,0.995809115517265,0.8850810072924525,0.9024161645591694,0.6216216216216216
bpi2013_incidents,IM,ok,,,0.041761159896850586,0.8097920417785645,8.419564962387085,0.8135550022125244,4.887580871582031e-05,1.0,0.6258308214735396,0.871132170779936,0.6666666666666666
bpi2013_incidents,IMf,ok,,,0.09401822090148926,0.8079159259796143,8.568302869796753,0.7460501194000244,4.7206878662109375e-05,1.0,0.6258308214735396,0.871132170779936,0.6666666666666666
bpi2013_incidents,IMd,ok,,,0.027400732040405273,0.6335291862487793,6.194797992706299,0.6581652164459229,4.100799560546875e-05,1.0,0.6257305479681992,0.9374222306098524,0.6842105263157894
bpic15_1,HM,ok,,,7.786202907562256,170.8292510509491,234.45819401741028,170.56263494491577,0.000904083251953125,0.7794294558144794,0.8054358237547893,0.4136943851372237,0.4338599386937043
bpic15_1,IM,error,RecursionError,maximum recursion depth exceeded,,,,,,,,,
bpic15_1,IMf,error,RecursionError,maximum recursion depth exceeded,,,,,,,,,
bpic15_1,IMd,ok,,,0.4686238765716553,6.388241291046143,208.43066596984863,6.120763063430786,0.00026297569274902344,1.0,0.005514408325209774,0.6526451647517064,0.3444537114261885
bpic15_5,HM,ok,,,7.2269909381866455,241.82869505882263,246.60271883010864,241.44902300834656,0.0008771419525146484,0.7750071136686701,0.8392487485415334,0.4091103612477659,0.4323386537126995
bpic15_5,IM,error,RecursionError,maximum recursion depth exceeded,,,,,,,,,
bpic15_5,IMf,error,RecursionError,maximum recursion depth exceeded,,,,,,,,,
bpic15_5,IMd,ok,,,0.2862861156463623,6.853358268737793,235.6302788257599,6.794512033462524,0.0001270771026611328,1.0,0.005075601240153382,0.6480339787897107,0.3390119250425894
bpic15_3,HM,ok,,,8.282202005386353,179.91075801849365,256.52943301200867,179.46058416366577,0.0010256767272949219,0.8164989901762658,0.9138866286954164,0.39219369634957335,0.42901166629980186
bpic15_3,IM,error,RecursionError,maximum recursion depth exceeded,,,,,,,,,
bpic15_3,IMf,error,RecursionError,maximum recursion depth exceeded,,,,,,,,,
bpic15_3,IMd,ok,,,0.4554629325866699,6.8522727489471436,212.824383020401,6.764837265014648,0.00012683868408203125,1.0,0.005646098127272237,0.6755746197508381,0.3436960276338515
bpi2012,AM,ok,,,0.08256697654724121,2.3779830932617188,26.821430921554565,2.2844831943511963,9.179115295410156e-05,0.5586479208127507,0.10502453133720147,0.9735932409545103,0.9444444444444446
bpi2012,HM,ok,,,0.2647542953491211,6.911653757095337,67.76415014266968,6.898633003234863,7.295608520507812e-05,0.9722098545268516,0.31220890274300683,0.9270289524197695,0.5648148148148148
bpi2012,IM,ok,,,6.098282098770142,26.691943168640137,84.92107701301575,26.989700078964233,7.82012939453125e-05,0.973429613099393,0.12905195828600968,0.9475973827083886,0.6111111111111112
bpi2012,IMf,ok,,,6.102107763290405,27.047876119613647,85.84671401977539,27.177923917770386,7.82012939453125e-05,0.973429613099393,0.12905195828600968,0.9475973827083886,0.6111111111111112
bpi2012,IMd,ok,,,0.13662099838256836,4.169111967086792,66.32817578315735,4.286330223083496,4.982948303222656e-05,1.0,0.09902857889615624,0.9760531293491549,0.43999999999999995
hospital_billing,AM,ok,,,0.21346783638000488,0.9310710430145264,0.7021517753601074,0.9726881980895996,4.601478576660156e-05,0.6797553093982478,0.3867395245470101,0.9126072185051145,1.0
hospital_billing,HM,ok,,,0.5290751457214355,1.5008399486541748,0.7948238849639893,1.6040232181549072,7.796287536621094e-05,0.9173467015900871,0.9123894799338885,0.7467078683855117,0.47292418772563183
hospital_billing,IM,ok,,,0.45844483375549316,1.4573228359222412,8.04103136062622,1.8826749324798584,8.797645568847656e-05,1.0,0.5304980616975126,0.9349278974582218,0.6261682242990655
hospital_billing,IMf,ok,,,0.4621303081512451,1.4569590091705322,8.027600765228271,2.1009762287139893,8.416175842285156e-05,1.0,0.5304980616975126,0.9349278974582218,0.6261682242990655
hospital_billing,IMd,ok,,,0.08744120597839355,1.052379846572876,1.836590051651001,1.3088109493255615,5.2928924560546875e-05,1.0,0.3914123626063982,0.9406716490462893,0.5
road_traffic_fines,AM,ok,,,0.25292420387268066,1.1246871948242188,0.24673771858215332,1.0152602195739746,5.1975250244140625e-05,0.637766272135165,0.6623544318535728,0.9855500389488964,0.6571428571428571
road_traffic_fines,HM,ok,,,0.6034369468688965,0.9413950443267822,0.2462141513824463,0.8267440795898438,6.198883056640625e-05,0.9285491762921444,0.9913625082917359,0.9268948812711274,0.5462184873949579
road_traffic_fines,IM,ok,,,0.2961440086364746,0.9348700046539307,0.3584108352661133,1.4274070262908936,6.389617919921875e-05,1.0,0.5822525881810321,0.9752594106217893,0.6237623762376238
road_traffic_fines,IMf,ok,,,0.10759401321411133,0.928015947341919,0.3542041778564453,1.2210297584533691,5.984306335449219e-05,1.0,0.5822525881810321,0.9752594106217893,0.6237623762376238
road_traffic_fines,IMd,ok,,,0.30072808265686035,0.9087958335876465,0.26590895652770996,1.1539270877838135,4.982948303222656e-05,1.0,0.5080563293025482,0.9882555296821361,0.5135135135135136
bpi2017,AM,ok,,,0.41069793701171875,13.854642152786255,77.49417781829834,12.97721004486084,0.00017976760864257812,0.38258984617069436,0.09036668421905925,0.9824200959583872,0.5277777777777778
bpi2017,HM,ok,,,1.2659039497375488,29.656595945358276,147.21800923347473,29.57611584663391,0.00021195411682128906,0.9545751442877021,0.6710730616980617,0.9289273388273477,0.5186721991701245
bpi2017,IM,ok,,,32.311267137527466,32.24714994430542,876.9522840976715,33.05605483055115,0.00023603439331054688,1.0,0.1406587530076867,0.9484917562396579,0.6283185840707964
bpi2017,IMf,ok,,,32.425692081451416,32.3916699886322,881.3971109390259,33.14302110671997,0.00021004676818847656,1.0,0.1406587530076867,0.9484917562396579,0.6283185840707964
bpi2017,IMd,ok,,,0.6466760635375977,18.473111867904663,346.00390696525574,19.01591396331787,0.0001888275146484375,1.0,0.08789086122364775,0.9845259865970262,0.4418604651162791
