log,n_traces,n_unique_traces,ratio_unique_traces_per_trace,n_events,trace_len_min,trace_len_max,trace_len_mean,trace_len_median,trace_len_mode,trace_len_std,trace_len_variance,trace_len_q1,trace_len_q3,trace_len_iqr,trace_len_geometric_mean,trace_len_geometric_std,trace_len_harmonic_mean,trace_len_skewness,trace_len_kurtosis,trace_len_coefficient_variation,trace_len_entropy,trace_len_hist1,trace_len_hist2,trace_len_hist3,trace_len_hist4,trace_len_hist5,trace_len_hist6,trace_len_hist7,trace_len_hist8,trace_len_hist9,trace_len_hist10,trace_len_skewness_hist,trace_len_kurtosis_hist,ratio_most_common_variant,ratio_top_1_variants,ratio_top_5_variants,ratio_top_10_variants,ratio_top_20_variants,ratio_top_50_variants,ratio_top_75_variants,mean_variant_occurrence,std_variant_occurrence,skewness_variant_occurrence,kurtosis_variant_occurrence,n_unique_activities,activities_min,activities_max,activities_mean,activities_median,activities_std,activities_variance,activities_q1,activities_q3,activities_iqr,activities_skewness,activities_kurtosis,n_unique_start_activities,start_activities_min,start_activities_max,start_activities_mean,start_activities_median,start_activities_std,start_activities_variance,start_activities_q1,start_activities_q3,start_activities_iqr,start_activities_skewness,start_activities_kurtosis,n_unique_end_activities,end_activities_min,end_activities_max,end_activities_mean,end_activities_median,end_activities_std,end_activities_variance,end_activities_q1,end_activities_q3,end_activities_iqr,end_activities_skewness,end_activities_kurtosis,entropy_trace,entropy_prefix,entropy_global_block,entropy_lempel_ziv,entropy_k_block_diff_1,entropy_k_block_diff_3,entropy_k_block_diff_5,entropy_k_block_ratio_1,entropy_k_block_ratio_3,entropy_k_block_ratio_5,entropy_knn_3,entropy_knn_5,entropy_knn_7
bpi2012,13087,4366,0.3336135095896691,262200,3,175,20.035149384885763,11.0,3,19.943558762822448,397.7455361261521,3.0,31.0,28.0,11.807099720248099,2.934916911748689,7.124951558473151,1.6182132613168363,3.87649742389314,0.9954285031619275,9.042623719065103,0.034731786025898236,0.013283197776597049,0.006534977902800758,0.002279023565014811,0.0008485253429197444,0.00024433975843238736,0.00011994860868499005,5.775303381129151e-05,1.3327623187221128e-05,2.6655246374442215e-05,2.0549824896364988,2.926422787769278,0.2620157408114923,0.5608619240467639,0.6439214487659509,0.6862535340414151,0.73309390998701,0.8331932452051655,0.916558416749446,2.9974805313788364,59.51696111718352,50.82236374008843,2734.691439171705,24,12,54850,10925.0,6071.5,14289.729222417058,204196361.25,2246.0,13087.0,10841.0,2.144345661604607,3.692864131929639,1,13087,13087,13087.0,13087.0,0.0,0.0,13087.0,13087.0,0.0,,,11,1,3429,1189.7272727272727,655.0,1162.407461881597,1351191.1074380165,168.0,2086.5,1918.5,0.605168512721238,-1.0473501605945204,7.752,11.171,15.441,0.685,0.0,1.315,0.443,1.034,3.688,2.502,6.071,5.616,5.335
bpi2013_closed_problems,1487,183,0.1230665770006725,6660,1,35,4.478816408876933,3.0,2,3.170887528460078,10.05452771814366,2.0,6.0,4.0,3.734438617876037,1.7784682955473754,3.226558608021213,2.669670803837637,12.858932107053937,0.7079744376606811,7.109269350754738,0.18355156453973653,0.07733691997310022,0.021163811859646352,0.007516120099687487,0.0023735116104276273,0.0013845484394161165,0.0001977926342023022,0.00019779263420230237,0.00019779263420230237,0.0001977926342023022,2.044144412970344,2.7731423497581646,0.33154001344989914,0.33154001344989914,0.7767316745124412,0.8406186953597848,0.8863483523873571,0.9381304640215198,0.9690652320107599,8.12568306010929,42.08098549678256,9.404756403853547,98.23422047785813,4,10,4207,1665.0,1221.5,1567.984215481776,2458574.5,658.75,2227.75,1569.0,0.7392184353676936,-0.9466658197729658,4,1,1432,371.75,27.0,612.5036224382677,375160.6875,1.0,397.75,396.75,1.150575110935166,-0.6699451279753594,1,1487,1487,1487.0,1487.0,0.0,0.0,1487.0,1487.0,0.0,,,4.201,5.699,6.563,0.437,0.962,0.871,0.871,0.935,1.043,1.043,3.094,2.644,2.386
bpi2013_incidents,7554,1511,0.20002647603918453,65533,1,123,8.675271379401641,6.0,3,7.625070829097389,58.14170514875194,4.0,11.0,7.0,6.73256550932609,1.9638214545359451,5.525512912167082,3.442718894749009,23.107478114799605,0.878943204843387,8.654823625676583,0.068696641015291,0.010319144780530996,0.0020942112961540305,0.0004882876079115613,0.0002495692218214646,6.510501438820824e-05,2.1701671462736054e-05,1.0850835731368027e-05,0.0,2.1701671462736054e-05,2.565200830119721,4.765121729210673,0.2321948636483982,0.5959756420439503,0.744241461477363,0.7944135557320625,0.8399523431294679,0.8999205718824463,0.9499602859412232,4.99933818663137,50.50302229548529,28.882421880830673,960.3072444732197,4,5,40117,16383.25,12705.5,14673.852738374473,215321954.1875,8659.25,20429.5,11770.25,0.6999557875760081,-0.8979086185161993,3,4,6394,2518.0,1156.0,2780.8042002269776,7732872.0,580.0,3775.0,3195.0,0.6171843670395555,-1.5,2,8,7546,3777.0,3777.0,3769.0,14205361.0,1892.5,5661.5,3769.0,0.0,-2.0,6.665,8.79,10.783,0.552,0.786,0.855,0.842,0.92,1.15,1.052,4.858,4.371,4.083
bpi2013_open_problems,819,108,0.13186813186813187,2351,1,22,2.8705738705738706,2.0,2,2.0826279627221287,4.337339231112124,2.0,3.0,1.0,2.376872060519447,1.8090934788649353,2.0217934384616183,2.894136216970983,15.163511384439552,0.7255092732749567,6.506764152951279,0.3593232164660736,0.07209721495435781,0.026164311878597586,0.013954299668585385,0.002907145764288622,0.0,0.0005814291528577244,0.0,0.0005814291528577239,0.0005814291528577249,2.482691252253617,4.479872731442206,0.21733821733821734,0.21733821733821734,0.63003663003663,0.7692307692307693,0.8559218559218559,0.9340659340659341,0.967032967032967,7.583333333333333,24.4556003583819,5.329307387806333,29.52515122238053,3,383,1581,783.6666666666666,387.0,563.8021717667367,317872.8888888889,385.0,984.0,599.0,0.7070800873349773,-1.5,3,1,759,273.0,59.0,344.4686729829966,118658.66666666667,30.0,409.0,379.0,0.6921014365297146,-1.5,3,93,370,273.0,356.0,127.40748277344885,16232.666666666666,224.5,363.0,138.5,-0.7007087259412562,-1.4999999999999998,4.372,4.525,5.301,0.462,0.905,1.059,1.059,1.06,1.087,1.087,2.971,2.53,2.259
bpi2017,31509,15930,0.5055698371893744,1202267,10,180,38.15630454790695,35.0,24,16.715042807894445,279.39265606974385,25.0,47.0,22.0,35.07478819029962,1.49705745531432,32.45035060728216,1.4419889593887563,3.3261062719496177,0.4380676537191373,10.271517813159997,0.01675711701418642,0.024105157630032875,0.012269136922597278,0.003982055547154594,0.0011761345497924964,0.00036030788588881237,0.00012694785616807895,2.426944309095627e-05,1.866880237765867e-05,3.7337604755317343e-06,1.1535110894312304,-0.176508105322144,0.03351423402837284,0.3419340505887207,0.4708495985274049,0.5313402519914945,0.5955441302485004,0.7472150814053128,0.8735916722206354,1.9779661016949153,15.252898968284818,50.63956503673413,3101.6469673384054,26,22,209496,46241.03846153846,27333.5,59174.52087647233,3501623920.9600596,12130.25,42173.0,30042.75,1.7864596165541453,1.7443006974216466,1,31509,31509,31509.0,31509.0,0.0,0.0,31509.0,31509.0,0.0,,,12,1,12662,2625.75,58.5,4169.341157485197,17383405.6875,4.25,4496.0,4491.75,1.385411010614522,0.5059685741434019,11.993,12.934,16.457,0.587,0.344,1.303,0.45,1.225,3.786,2.545,7.009,6.579,6.297
bpi2020_domestic,10500,99,0.009428571428571429,56437,1,24,5.374952380952381,5.0,5,1.486344588521674,2.2092202358276642,5.0,6.0,1.0,5.173903747502986,1.3387644907814602,4.899145628583966,1.7985259698981662,9.50882964191275,0.2765316756645034,9.223150864430831,0.015113871635610768,0.27515527950310564,0.10650103519668738,0.032960662525879925,0.0038095238095238082,0.0008695652173913048,0.0002484472049689442,8.281573498964801e-05,0.0,4.140786749482401e-05,2.1057004897174725,3.043221891819723,0.4398095238095238,0.0,0.8626666666666667,0.9500952380952381,0.9808571428571429,0.9948571428571429,0.9976190476190476,106.06060606060606,539.5272681659214,6.898852024205939,50.47914689052968,17,1,11531,3319.823529411765,685.0,4395.927061902189,19324174.73356401,86.0,8202.0,8116.0,0.8880792572908479,-1.0582977877842086,2,135,10365,5250.0,5250.0,5115.0,26163225.0,2692.5,7807.5,5115.0,0.0,-2.0,6,4,10043,1750.0,82.0,3710.0404759696808,13764400.333333334,11.25,246.5,235.25,1.7860574531777165,1.1949320367524798,2.598,4.448,5.789,0.045,-0.295,0.325,0.325,0.612,2.827,2.827,2.942,2.576,2.315
bpi2020_international,6449,753,0.11676228872693441,72151,3,27,11.187936114126222,10.0,10,2.7406707917109645,7.511276388537605,10.0,13.0,3.0,10.870487357615595,1.272055102928017,10.5534464197551,1.0141270682473258,2.538578203570517,0.24496661079879709,8.742870108374406,0.0016798470047035715,0.019576678554814705,0.19686514705122246,0.09277924225978186,0.057114798159921425,0.036245929601488626,0.008140797022794225,0.002713599007598079,0.0009691425027135996,0.0005814855016281589,1.7197433449942385,1.8787360557168586,0.21228097379438673,0.5061249806171499,0.7229027756241277,0.811288571871608,0.8762598852535277,0.9415413242363158,0.9706931307179407,8.564409030544489,59.36101902117608,18.09366851408611,381.8337956165025,34,1,8099,2122.0882352941176,573.0,2653.8413043520745,7042873.6686851205,86.0,4987.5,4901.5,0.9055003675854053,-0.8811942276486278,4,8,5294,1612.25,573.5,2141.398418674115,4585587.1875,307.25,1878.5,1571.25,1.1040207390494754,-0.704706048643815,10,1,5646,644.9,9.5,1676.0077833948149,2809002.0900000003,2.25,111.0,108.75,2.61607273946178,4.943139051837915,6.142,8.064,9.734,0.304,-0.005,3.972,0.881,3.972,3.972,3.972,4.681,4.251,3.986
bpi2020_payment,6886,89,0.012924774905605577,36796,1,20,5.343595701423178,5.0,5,1.4673844229755477,2.153217044791281,5.0,6.0,1.0,5.142905094455852,1.3383761131479524,4.878070090969419,1.539236188496682,7.664783605385917,0.27460618373218887,8.801227388547662,0.006114618524236819,0.07933717535197274,0.3958451167127812,0.021554030297934786,0.018038124646498614,0.0040509347723068955,0.0007643273155296022,0.0005350291208707217,0.0,7.643273155296015e-05,2.4925364085140895,4.510777149371517,0.43726401394133024,0.0,0.8276212605286087,0.933488237002614,0.9647110078419983,0.9928841126924194,0.9966598896311356,77.37078651685393,371.4226031864625,6.614784287858829,45.52865690489181,19,1,7504,1936.6315789473683,179.0,2724.851347186838,7424814.864265928,44.0,3751.5,3707.5,1.0325461686912791,-0.7470642894209347,2,72,6814,3443.0,3443.0,3371.0,11363641.0,1757.5,5128.5,3371.0,0.0,-2.0,10,1,6305,688.6,6.5,1876.6810704006155,3521931.84,1.25,65.75,64.5,2.6433297445393817,5.035054880489902,2.686,4.407,5.789,0.059,-0.328,0.323,0.323,0.587,2.883,2.883,2.921,2.574,2.312
bpi2020_permit,7065,1478,0.2092002830856334,86581,3,90,12.254918612880397,11.0,10,5.584833009333192,31.190359742137638,9.0,15.0,6.0,11.297924048149273,1.4814048013231005,10.484739200550882,2.822405217841859,19.329891601258332,0.4557217543218373,8.77646342592156,0.060912219049710815,0.04607462722990946,0.006247407082021622,0.0012039274064312502,0.00029284720696976343,0.00013015431420878386,1.6269289276097982e-05,0.0,4.880786782829391e-05,1.626928927609797e-05,1.5636354982784662,0.6223614039657015,0.13531493276716205,0.48336871903750883,0.6828025477707006,0.7575371549893843,0.8198159943382873,0.8953998584571833,0.9476291578202406,4.780108254397835,32.28922005123962,20.859154364104725,543.6143864851264,51,1,7574,1697.6666666666667,221.0,2559.730812031875,6552221.83006536,38.0,1893.0,1855.0,1.4247360437117502,0.3956138594412586,3,12,6319,2355.0,734.0,2818.4266296404926,7943528.666666667,373.0,3526.5,3153.5,0.6724635493123402,-1.5,12,1,5474,588.75,28.0,1499.9066151486454,2249719.8541666665,3.5,141.75,138.25,2.839079376157351,6.394378284657067,7.453,9.372,12.268,0.677,-0.048,1.253,1.126,2.764,4.276,4.276,5.436,4.999,4.725
bpi2020_prepaid,2099,202,0.09623630300142925,18246,1,21,8.692710814673655,8.0,8,2.253872690194338,5.079942103603862,8.0,10.0,2.0,8.366444627726759,1.3438661336213327,7.914730402886259,0.36099284565805234,1.7657005052566408,0.2592830635053116,7.614749621075523,0.0016674606955693187,0.010719390185802763,0.06860409718913768,0.1939018580276322,0.14078132444020963,0.056931872320152455,0.020724154359218677,0.004049547403525489,0.0023820867079561697,0.00023820867079561695,1.2248979764599366,0.11021390609742676,0.2710814673654121,0.41924726060028583,0.7374940447832301,0.822772748928061,0.8847070033349214,0.9518818484992854,0.975702715578847,10.391089108910892,47.93477953337066,9.238111582933154,96.32115102616238,29,7,2279,629.1724137931035,160.0,796.0819169842675,633746.4185493462,24.0,1478.0,1454.0,0.9471860418739371,-0.8384332519483118,3,7,1859,699.6666666666666,233.0,824.9482138628798,680539.5555555556,120.0,1046.0,926.0,0.6675123922609167,-1.4999999999999996,9,1,1970,233.22222222222223,10.0,614.3905341027495,377475.72839506174,6.0,20.0,14.0,2.46956711279339,4.109664867684044,4.657,6.633,8.387,0.315,-0.092,3.734,0.815,3.734,3.734,3.734,3.661,3.258,2.987
bpic15_1,1199,1170,0.97581317764804,52217,2,101,43.55045871559633,44.0,44,16.981535801321535,288.372558171565,37.0,53.0,16.0,38.83866789518497,1.7413243737746202,31.026862115128733,-0.10348637162632576,0.3642365983010811,0.38992782859575464,7.003266769730333,0.004549245583440746,0.009266981744045964,0.005391698469263105,0.019292171085332054,0.03386660601005889,0.016933303005029432,0.006065660777921,0.004043773851947327,0.00126367932873354,0.0003369811543289444,1.278954440305535,0.6376536135574851,0.006672226855713094,0.030025020850708923,0.0725604670558799,0.12176814011676397,0.21934945788156798,0.51209341117598,0.755629691409508,1.0247863247863247,0.292763427409185,17.491440595772467,357.40307248518445,398,1,1199,131.19849246231155,18.5,247.7281057320437,61369.21436958662,3.0,105.75,102.75,2.4405839151285247,5.38940990344188,14,1,1138,85.64285714285714,1.0,291.9915867532725,85259.08673469385,1.0,5.5,4.5,3.323477900918902,9.05735243012142,108,1,295,11.101851851851851,2.0,32.32099988564218,1044.6470336076818,1.0,7.25,6.25,6.888203923663364,54.20092619087059,10.163,14.324,18.961,3.427,6.942,6.942,6.942,6.942,6.942,6.942,5.74,5.242,4.931
bpic15_2,832,828,0.9951923076923077,44354,1,132,53.31009615384615,54.0,61,19.894976511053482,395.81009037536984,44.0,62.0,18.0,48.15011097917017,1.6953108255055445,37.583741492631816,0.05413839078667273,0.8049916722455461,0.3731934088739797,6.6467154289258925,0.003853493834409865,0.004862742219612449,0.004679242513211979,0.0239467116852613,0.023763211978860832,0.008257486788021143,0.00477099236641221,0.0013762477980035239,0.0006422489724016444,0.00018349970640046964,1.2414729476242565,-0.09808922301133993,0.002403846153846154,0.014423076923076924,0.054086538461538464,0.10336538461538461,0.203125,0.5024038461538461,0.7512019230769231,1.0048309178743962,0.06933671543191945,14.283026792978163,202.00485436893203,410,1,830,108.18048780487806,12.0,187.5881623228515,35189.31864366448,3.0,125.5,122.5,2.1294119001489484,3.808278466770415,14,1,731,59.42857142857143,1.0,186.71740078284625,34863.387755102034,1.0,8.25,7.25,3.300411469802443,8.960767075527839,82,1,216,10.146341463414634,1.0,35.31879964786925,1247.4176085663291,1.0,3.0,2.0,5.098791193232185,25.861991394282988,9.691,14.524,19.448,3.859,7.105,7.105,7.105,7.105,7.105,7.105,5.545,5.039,4.721
bpic15_3,1409,1349,0.957416607523066,59681,3,124,42.3569907735983,42.0,44,16.1384058416317,260.44814310921225,38.0,47.0,9.0,37.637730968701426,1.7867255075256552,29.092932923826694,-0.009541061373534379,1.5433686346334001,0.3810092630964472,7.167153152689436,0.006921267647766132,0.004340455982497405,0.016306037339652413,0.03695253066180222,0.011730962114857848,0.00410583674020025,0.0015836798855058086,0.0005278932951686035,0.00011730962114857856,5.865481057428921e-05,1.747476150398359,2.0689420408138,0.0106458481192335,0.049680624556423,0.09013484740951029,0.1376863023420866,0.23349893541518807,0.5209368346344926,0.7601135557132718,1.044477390659748,0.5923476408501746,17.964129872399084,358.01951142735896,383,1,1409,155.82506527415143,16.0,306.31054430838594,93826.14955449966,5.0,108.5,103.5,2.44634925904635,5.280930856931793,9,1,1348,156.55555555555554,8.0,421.27085800286386,177469.1358024691,3.0,14.0,11.0,2.474157819683035,4.122971492696888,119,1,342,11.840336134453782,2.0,39.557209542354855,1564.7728267777698,1.0,7.0,6.0,6.217217355172255,43.33552541670591,10.317,14.226,18.743,3.182,-0.007,6.78,6.78,6.78,6.78,6.78,5.701,5.212,4.9
bpic15_4,1053,1049,0.9962013295346629,47293,1,116,44.91263057929724,44.0,42,14.947644051511556,223.4320626906888,39.0,52.0,13.0,41.497337603682624,1.5841637704537181,34.75619368686329,-0.055143460111272795,1.132573805737449,0.3328160443668549,6.898116135830973,0.0018167554399438459,0.007019282381601222,0.005285106734382096,0.032619018126264505,0.028242289111854328,0.007597340930674264,0.003468351294438251,0.000660638341797762,0.0001651595854494405,8.257979272472025e-05,1.3400688745514984,0.11544555529393907,0.002849002849002849,0.013295346628679962,0.05318138651471985,0.10256410256410256,0.2022792022792023,0.5014245014245015,0.7502374169040835,1.003813155386082,0.07553272751016323,21.970146906139366,519.7250532586933,356,1,1052,132.84550561797752,17.0,240.0002721370706,57600.13062586795,3.0,91.25,88.25,2.1799266447679524,3.924023597606557,15,1,948,70.2,2.0,235.05636203543466,55251.49333333333,1.0,7.5,6.5,3.4519679259259375,9.971635994871487,84,1,305,12.535714285714286,2.0,39.959040466032036,1596.7249149659858,1.0,6.25,5.25,5.8281086747415864,36.23808344646797,10.032,14.062,18.785,3.337,-0.002,6.824,6.824,6.824,6.824,6.824,5.539,5.04,4.729
bpic15_5,1156,1153,0.9974048442906575,59083,5,154,51.1098615916955,50.0,44,16.02995270479197,256.9593837178674,44.0,60.0,16.0,48.06355009176412,1.4744483051683897,43.40974723759887,0.4756307439176564,3.260662903118871,0.3136371769669705,7.001123843135938,0.0028448015605768563,0.003251201783516407,0.0269965862381273,0.023571212930493964,0.0077796614105571146,0.0018578295905808033,0.0006386289217621517,0.0,0.00011611434941130032,5.80571747056501e-05,1.34589477409549,0.07124815058324518,0.0017301038062283738,0.012110726643598616,0.05190311418685121,0.10207612456747404,0.20155709342560554,0.5008650519031141,0.75,1.002601908065915,0.05094249837151227,19.527824815605694,379.3359420289858,389,1,1161,151.88431876606683,13.0,268.147916985978,71903.30538391895,3.0,148.0,145.0,2.0451310003308487,3.393550837649318,13,1,1113,88.92307692307692,1.0,295.6597476670312,87414.68639053256,1.0,6.0,5.0,3.1741300207842715,8.078314577999613,70,1,294,16.514285714285716,2.0,47.74627670065499,2279.706938775509,1.0,6.0,5.0,4.361126286626268,19.665135360171636,10.17,14.449,19.36,3.471,-0.004,6.947,2.85,6.947,6.947,6.947,5.659,5.159,4.841
hospital_billing,100000,1020,0.0102,451359,1,217,4.51359,5.0,6,2.7819840603245733,7.7394353119,2.0,6.0,4.0,3.5714158077803515,2.151143999034159,2.5749688201718794,9.735369824208833,605.5866585818842,0.616357281083256,11.332529023674013,0.04628101851851851,1.25e-05,9.259259259259256e-07,0.0,0.0,4.6296296296296244e-07,0.0,4.6296296296296307e-07,4.6296296296296307e-07,4.6296296296296307e-07,2.66666632423963,5.1111100455770195,0.33673,0.91303,0.97142,0.98308,0.98951,0.9949,0.99745,98.03921568627452,1437.272463298538,19.171952288468987,388.69350839767054,18,1,101289,25075.5,3296.5,34086.44809932208,1161885944.0277777,391.25,61948.75,61557.5,0.9431136390192788,-0.7503226965965566,1,100000,100000,100000.0,100000.0,0.0,0.0,100000.0,100000.0,0.0,,,14,1,63498,7142.857142857143,275.5,16694.282130020885,278699055.83673465,26.0,2945.25,2919.25,2.750557666647812,6.346803196911841,3.174,4.284,6.479,0.06,2.519,0.399,0.481,0.768,2.844,0.867,4.871,4.471,4.232
road_traffic_fines,150370,231,0.0015362106803218727,561470,2,20,3.7339229899581032,5.0,2,1.64101163661802,2.6929191915157524,2.0,5.0,3.0,3.353908726304109,1.6065974032128645,3.0039132777185014,0.16371614417816568,-0.9669084590197956,0.43948727411660765,11.821488890773239,0.2596225606467011,0.2448515883044047,0.0473831216333045,0.003291880029261158,0.00029556723046115867,5.911344609223173e-05,1.8472951903822434e-05,2.216754228458692e-05,7.3891807615289665e-06,3.6945903807644832e-06,1.4381943970051048,0.1611715411529846,0.3756201369954113,0.6839994679789851,0.9835938019551772,0.993103677595265,0.9968810268005586,0.9991221653255303,0.9996142847642482,650.952380952381,5007.656627854423,9.583467024680004,95.05683561384936,11,555,150370,51042.72727272727,59013.0,49600.18110687411,2460177965.834711,2570.0,79860.0,77290.0,0.4539299744702916,-0.9598743375103953,1,150370,150370,150370.0,150370.0,0.0,0.0,150370.0,150370.0,0.0,,,7,53,67201,21481.428571428572,3144.0,27274.113623712572,743877273.9591837,110.0,39876.0,39766.0,0.7945238639255385,-1.1692838236004928,2.475,3.079,4.971,0.009,-0.184,0.318,0.318,0.67,2.642,2.642,3.398,3.004,2.79
sepsis,1050,846,0.8057142857142857,15214,3,185,14.48952380952381,13.0,8,11.470474925273926,131.57179501133788,9.0,16.0,7.0,12.281860759040903,1.7464004837799154,10.47731701485374,7.250526815880918,87.0376906898399,0.7916391922924689,6.769403523350811,0.048613291470434326,0.005285190999476714,0.0005756148613291472,0.0002093144950287807,0.00010465724751439036,0.0,5.232862375719522e-05,0.0,0.0,0.00010465724751439027,2.6128507781562513,4.931206347805768,0.03333333333333333,0.12,0.21523809523809523,0.2742857142857143,0.35523809523809524,0.5971428571428572,0.7980952380952381,1.2411347517730495,1.7594085182491936,13.637101374069475,217.44268017168216,16,6,3383,950.875,788.0,1008.5815457239935,1017236.734375,101.75,1085.25,983.5,1.3912385607018212,1.05777753209275,6,6,995,175.0,12.0,366.73787187399483,134496.66666666666,7.75,17.0,9.25,1.7883562472303318,1.199106773708694,14,2,393,75.0,32.5,112.91400014423114,12749.57142857143,14.0,53.5,39.5,2.004413358907822,2.5007579343413617,9.334,10.227,14.501,1.727,-0.019,1.837,1.712,2.262,3.238,2.538,4.956,4.49,4.191
