setup_id,weights,n_logs,mean_accuracy_full
B0_apdtm_cls_apdtm_features_original,equal,16,0.5434704980473898
B0_apdtm_cls_apdtm_features_original,fit+gen,16,0.6080296349440278
B0_apdtm_cls_apdtm_features_original,fit+pre,16,0.4482340261134555
B0_apdtm_cls_apdtm_features_original,fit+sim,16,0.5782800750460422
B0_apdtm_cls_apdtm_features_original,fitn,16,0.5599083861967152
B0_apdtm_cls_apdtm_features_original,gen+sim,16,0.595986291260028
B0_apdtm_cls_apdtm_features_original,gene,16,0.6520507202672335
B0_apdtm_cls_apdtm_features_original,mix-fit,16,0.5152676168456295
B0_apdtm_cls_apdtm_features_original,mix-gen,16,0.5658006806647228
B0_apdtm_cls_apdtm_features_original,mix-prec,16,0.5035203889693388
B0_apdtm_cls_apdtm_features_original,mix-simp,16,0.5804751992173728
B0_apdtm_cls_apdtm_features_original,pre+gen,16,0.48512182413115323
B0_apdtm_cls_apdtm_features_original,pre+sim,16,0.41161959367030115
B0_apdtm_cls_apdtm_features_original,prec,16,0.3122265794274465
B0_apdtm_cls_apdtm_features_original,simp,16,0.5003159451005817
B1_apdtm_cls_apdtm_features_original_plus_cash_real,equal,16,0.7670366990618415
B1_apdtm_cls_apdtm_features_original_plus_cash_real,fit+gen,16,0.9516592810599225
B1_apdtm_cls_apdtm_features_original_plus_cash_real,fit+pre,16,0.6738473201291012
B1_apdtm_cls_apdtm_features_original_plus_cash_real,fit+sim,16,0.862711719295037
B1_apdtm_cls_apdtm_features_original_plus_cash_real,fitn,16,0.9666579875775921
B1_apdtm_cls_apdtm_features_original_plus_cash_real,gen+sim,16,0.7541297028335328
B1_apdtm_cls_apdtm_features_original_plus_cash_real,gene,16,0.9017796746254736
B1_apdtm_cls_apdtm_features_original_plus_cash_real,mix-fit,16,0.7621409585924074
B1_apdtm_cls_apdtm_features_original_plus_cash_real,mix-gen,16,0.7639381803522372
B1_apdtm_cls_apdtm_features_original_plus_cash_real,mix-prec,16,0.683917254630286
B1_apdtm_cls_apdtm_features_original_plus_cash_real,mix-simp,16,0.8308394751262898
B1_apdtm_cls_apdtm_features_original_plus_cash_real,pre+gen,16,0.6026564663406141
B1_apdtm_cls_apdtm_features_original_plus_cash_real,pre+sim,16,0.4594171099302678
B1_apdtm_cls_apdtm_features_original_plus_cash_real,prec,16,0.30225226421500145
B1_apdtm_cls_apdtm_features_original_plus_cash_real,simp,16,0.5798187682282304
B2_apdtm_cls_cash_features_cash_real_default,equal,18,0.8207191679259732
B2_apdtm_cls_cash_features_cash_real_default,fit+gen,18,0.8991382112388694
B2_apdtm_cls_cash_features_cash_real_default,fit+pre,18,0.8281320827395328
B2_apdtm_cls_cash_features_cash_real_default,fit+sim,18,0.8406777731400857
B2_apdtm_cls_cash_features_cash_real_default,fitn,18,0.951230635320695
B2_apdtm_cls_cash_features_cash_real_default,gen+sim,18,0.6945183728630052
B2_apdtm_cls_cash_features_cash_real_default,gene,18,0.8139332091482037
B2_apdtm_cls_cash_features_cash_real_default,mix-fit,18,0.8452489744373142
B2_apdtm_cls_cash_features_cash_real_default,mix-gen,18,0.7866169519711228
B2_apdtm_cls_cash_features_cash_real_default,mix-prec,18,0.7864423620585883
B2_apdtm_cls_cash_features_cash_real_default,mix-simp,18,0.8313045688304914
B2_apdtm_cls_cash_features_cash_real_default,pre+gen,18,0.7226892878889408
B2_apdtm_cls_cash_features_cash_real_default,pre+sim,18,0.6303309840174213
B2_apdtm_cls_cash_features_cash_real_default,prec,18,0.6140264279784529
B2_apdtm_cls_cash_features_cash_real_default,simp,18,0.5528839981389603
B3_apdtm_cls_cash_features_cash_real_synthetic_default,equal,18,0.8269569480657794
B3_apdtm_cls_cash_features_cash_real_synthetic_default,fit+gen,18,0.8975433534144044
B3_apdtm_cls_cash_features_cash_real_synthetic_default,fit+pre,18,0.8334215959166902
B3_apdtm_cls_cash_features_cash_real_synthetic_default,fit+sim,18,0.842080330979575
B3_apdtm_cls_cash_features_cash_real_synthetic_default,fitn,18,0.9454990467214065
B3_apdtm_cls_cash_features_cash_real_synthetic_default,gen+sim,18,0.699750242371049
B3_apdtm_cls_cash_features_cash_real_synthetic_default,gene,18,0.8166210680940772
B3_apdtm_cls_cash_features_cash_real_synthetic_default,mix-fit,18,0.8504193636724426
B3_apdtm_cls_cash_features_cash_real_synthetic_default,mix-gen,18,0.7937147834342458
B3_apdtm_cls_cash_features_cash_real_synthetic_default,mix-prec,18,0.7940575706141009
B3_apdtm_cls_cash_features_cash_real_synthetic_default,mix-simp,18,0.8356201834882968
B3_apdtm_cls_cash_features_cash_real_synthetic_default,pre+gen,18,0.732641590819503
B3_apdtm_cls_cash_features_cash_real_synthetic_default,pre+sim,18,0.6448321467180563
B3_apdtm_cls_cash_features_cash_real_synthetic_default,prec,18,0.6294033483622846
B3_apdtm_cls_cash_features_cash_real_synthetic_default,simp,18,0.5611345929170151
B4_apdtm_cls_cash_features_cash_full_clean_default,equal,18,0.8293284969556534
B4_apdtm_cls_cash_features_cash_full_clean_default,fit+gen,18,0.896448927174531
B4_apdtm_cls_cash_features_cash_full_clean_default,fit+pre,18,0.840679342407561
B4_apdtm_cls_cash_features_cash_full_clean_default,fit+sim,18,0.8399632825856295
B4_apdtm_cls_cash_features_cash_full_clean_default,fitn,18,0.9452662198056989
B4_apdtm_cls_cash_features_cash_full_clean_default,gen+sim,18,0.6970289336443501
B4_apdtm_cls_cash_features_cash_full_clean_default,gene,18,0.8146613984228959
B4_apdtm_cls_cash_features_cash_full_clean_default,mix-fit,18,0.8539910477099295
B4_apdtm_cls_cash_features_cash_full_clean_default,mix-gen,18,0.7948452214714061
B4_apdtm_cls_cash_features_cash_full_clean_default,mix-prec,18,0.7990836741634689
B4_apdtm_cls_cash_features_cash_full_clean_default,mix-simp,18,0.8351625625948355
B4_apdtm_cls_cash_features_cash_full_clean_default,pre+gen,18,0.7388971422125911
B4_apdtm_cls_cash_features_cash_full_clean_default,pre+sim,18,0.650297745457781
B4_apdtm_cls_cash_features_cash_full_clean_default,prec,18,0.6438117072136321
B4_apdtm_cls_cash_features_cash_full_clean_default,simp,18,0.5576574315451168
C0_cash_reg_apdtm_features_cash_real_default,equal,16,0.6095276935902499
C0_cash_reg_apdtm_features_cash_real_default,fit+gen,16,0.7961148356157335
C0_cash_reg_apdtm_features_cash_real_default,fit+pre,16,0.6430504026773305
C0_cash_reg_apdtm_features_cash_real_default,fit+sim,16,0.594592598975567
C0_cash_reg_apdtm_features_cash_real_default,fitn,16,0.9350311549721194
C0_cash_reg_apdtm_features_cash_real_default,gen+sim,16,0.5777260348587
C0_cash_reg_apdtm_features_cash_real_default,gene,16,0.7179528574803034
C0_cash_reg_apdtm_features_cash_real_default,mix-fit,16,0.6270368334957699
C0_cash_reg_apdtm_features_cash_real_default,mix-gen,16,0.5838524417701456
C0_cash_reg_apdtm_features_cash_real_default,mix-prec,16,0.6141039561128541
C0_cash_reg_apdtm_features_cash_real_default,mix-simp,16,0.571403864920172
C0_cash_reg_apdtm_features_cash_real_default,pre+gen,16,0.5934867734272591
C0_cash_reg_apdtm_features_cash_real_default,pre+sim,16,0.5538837413662719
C0_cash_reg_apdtm_features_cash_real_default,prec,16,0.6090641685235455
C0_cash_reg_apdtm_features_cash_real_default,simp,16,0.5151180165666176
C1_cash_reg_cash_features_cash_real_default,equal,18,0.8293284969556534
C1_cash_reg_cash_features_cash_real_default,fit+gen,18,0.9767661322797933
C1_cash_reg_cash_features_cash_real_default,fit+pre,18,0.8404803976798167
C1_cash_reg_cash_features_cash_real_default,fit+sim,18,0.8942176190259133
C1_cash_reg_cash_features_cash_real_default,fitn,18,0.9994302862106701
C1_cash_reg_cash_features_cash_real_default,gen+sim,18,0.7432641903722204
C1_cash_reg_cash_features_cash_real_default,gene,18,0.9221794280520678
C1_cash_reg_cash_features_cash_real_default,mix-fit,18,0.8519338271589576
C1_cash_reg_cash_features_cash_real_default,mix-gen,18,0.7889180957185709
C1_cash_reg_cash_features_cash_real_default,mix-prec,18,0.7964235526344117
C1_cash_reg_cash_features_cash_real_default,mix-simp,18,0.8524832691535147
C1_cash_reg_cash_features_cash_real_default,pre+gen,18,0.7356939040278789
C1_cash_reg_cash_features_cash_real_default,pre+sim,18,0.6503263325959447
C1_cash_reg_cash_features_cash_real_default,prec,18,0.6419068494441252
C1_cash_reg_cash_features_cash_real_default,simp,18,0.5954156810309374
C2_cash_reg_cash_features_cash_full_clean_apdtm5_default,equal,18,0.8172918396957717
C2_cash_reg_cash_features_cash_full_clean_apdtm5_default,fit+gen,18,0.9719509834091047
C2_cash_reg_cash_features_cash_full_clean_apdtm5_default,fit+pre,18,0.831803174294536
C2_cash_reg_cash_features_cash_full_clean_apdtm5_default,fit+sim,18,0.8937878795599821
C2_cash_reg_cash_features_cash_full_clean_apdtm5_default,fitn,18,0.9976293753465681
C2_cash_reg_cash_features_cash_full_clean_apdtm5_default,gen+sim,18,0.8055966541872446
C2_cash_reg_cash_features_cash_full_clean_apdtm5_default,gene,18,0.9170505885856785
C2_cash_reg_cash_features_cash_full_clean_apdtm5_default,mix-fit,18,0.836780814961609
C2_cash_reg_cash_features_cash_full_clean_apdtm5_default,mix-gen,18,0.7808107967217082
C2_cash_reg_cash_features_cash_full_clean_apdtm5_default,mix-prec,18,0.7919718697824537
C2_cash_reg_cash_features_cash_full_clean_apdtm5_default,mix-simp,18,0.856891503970755
C2_cash_reg_cash_features_cash_full_clean_apdtm5_default,pre+gen,18,0.7183718377964631
C2_cash_reg_cash_features_cash_full_clean_apdtm5_default,pre+sim,18,0.628002762642682
C2_cash_reg_cash_features_cash_full_clean_apdtm5_default,prec,18,0.6394506776863116
C2_cash_reg_cash_features_cash_full_clean_apdtm5_default,simp,18,0.6652846421148518
C3_cash_reg_cash_features_cash_full_clean_apdtm5_hparams,equal,18,0.94523108632721
C3_cash_reg_cash_features_cash_full_clean_apdtm5_hparams,fit+gen,18,0.9837374961358751
C3_cash_reg_cash_features_cash_full_clean_apdtm5_hparams,fit+pre,18,0.9550099466355232
C3_cash_reg_cash_features_cash_full_clean_apdtm5_hparams,fit+sim,18,0.920622011856895
C3_cash_reg_cash_features_cash_full_clean_apdtm5_hparams,fitn,18,0.9954295747851543
C3_cash_reg_cash_features_cash_full_clean_apdtm5_hparams,gen+sim,18,0.8894679852155404
C3_cash_reg_cash_features_cash_full_clean_apdtm5_hparams,gene,18,0.9645969553867142
C3_cash_reg_cash_features_cash_full_clean_apdtm5_hparams,mix-fit,18,0.9631537049824609
C3_cash_reg_cash_features_cash_full_clean_apdtm5_hparams,mix-gen,18,0.9318131594777702
C3_cash_reg_cash_features_cash_full_clean_apdtm5_hparams,mix-prec,18,0.9485476785602146
C3_cash_reg_cash_features_cash_full_clean_apdtm5_hparams,mix-simp,18,0.9354070164678898
C3_cash_reg_cash_features_cash_full_clean_apdtm5_hparams,pre+gen,18,0.9406382703851275
C3_cash_reg_cash_features_cash_full_clean_apdtm5_hparams,pre+sim,18,0.8660376966417405
C3_cash_reg_cash_features_cash_full_clean_apdtm5_hparams,prec,18,0.8914693827936316
C3_cash_reg_cash_features_cash_full_clean_apdtm5_hparams,simp,18,0.761889168429393
C4_cash_reg_cash_features_cash_full_clean_all_algos_default,equal,18,0.8170949926144189
C4_cash_reg_cash_features_cash_full_clean_all_algos_default,fit+gen,18,0.971214238351036
C4_cash_reg_cash_features_cash_full_clean_all_algos_default,fit+pre,18,0.8283503618076363
C4_cash_reg_cash_features_cash_full_clean_all_algos_default,fit+sim,18,0.9042912652281324
C4_cash_reg_cash_features_cash_full_clean_all_algos_default,fitn,18,0.9976293753465681
C4_cash_reg_cash_features_cash_full_clean_all_algos_default,gen+sim,18,0.7610486327442701
C4_cash_reg_cash_features_cash_full_clean_all_algos_default,gene,18,0.9166056263356896
C4_cash_reg_cash_features_cash_full_clean_all_algos_default,mix-fit,18,0.8338597117046469
C4_cash_reg_cash_features_cash_full_clean_all_algos_default,mix-gen,18,0.8307970510240535
C4_cash_reg_cash_features_cash_full_clean_all_algos_default,mix-prec,18,0.8022475617914914
C4_cash_reg_cash_features_cash_full_clean_all_algos_default,mix-simp,18,0.8556965800988264
C4_cash_reg_cash_features_cash_full_clean_all_algos_default,pre+gen,18,0.7694312768821785
C4_cash_reg_cash_features_cash_full_clean_all_algos_default,pre+sim,18,0.7019924524498014
C4_cash_reg_cash_features_cash_full_clean_all_algos_default,prec,18,0.6412716016525359
C4_cash_reg_cash_features_cash_full_clean_all_algos_default,simp,18,0.6510511333848868
C5_cash_reg_cash_features_cash_full_clean_all_algos_hparams,equal,18,0.9440039491696464
C5_cash_reg_cash_features_cash_full_clean_all_algos_hparams,fit+gen,18,0.9927659045060666
C5_cash_reg_cash_features_cash_full_clean_all_algos_hparams,fit+pre,18,0.9521603016523404
C5_cash_reg_cash_features_cash_full_clean_all_algos_hparams,fit+sim,18,0.9700231419108211
C5_cash_reg_cash_features_cash_full_clean_all_algos_hparams,fitn,18,0.9992206154289937
C5_cash_reg_cash_features_cash_full_clean_all_algos_hparams,gen+sim,18,0.9160007061562351
C5_cash_reg_cash_features_cash_full_clean_all_algos_hparams,gene,18,0.9797464541892867
C5_cash_reg_cash_features_cash_full_clean_all_algos_hparams,mix-fit,18,0.9383658470962852
C5_cash_reg_cash_features_cash_full_clean_all_algos_hparams,mix-gen,18,0.9627511507518778
C5_cash_reg_cash_features_cash_full_clean_all_algos_hparams,mix-prec,18,0.933967708379707
C5_cash_reg_cash_features_cash_full_clean_all_algos_hparams,mix-simp,18,0.9679186850202142
C5_cash_reg_cash_features_cash_full_clean_all_algos_hparams,pre+gen,18,0.9201378367425883
C5_cash_reg_cash_features_cash_full_clean_all_algos_hparams,pre+sim,18,0.8834223744172033
C5_cash_reg_cash_features_cash_full_clean_all_algos_hparams,prec,18,0.8713972224937212
C5_cash_reg_cash_features_cash_full_clean_all_algos_hparams,simp,18,0.8901552637785747
