setup_id,weights,n_logs,mean_accuracy_full,mean_accuracy_action,mean_regret_full,mean_regret_action,median_rank_full,median_rank_action,mean_train_instances,description,model_kind,feature_set,data_regime,action_space,n_estimators,random_state,notes
B0_apdtm_cls_apdtm_features_original,equal,16,0.5434704980473898,0.3661322713906253,0.36142326459167873,0.2222448796734337,146.0,2.0,800.8125,APDTM faithful baseline: original APDTM meta-database only.,classifier,apdtm,apdtm_original,apdtm5_default,100,10,Default-only CASH rows prefer recorded v6_baseline_* rows; fallback is all-empty hyperparameters or nearest documented default when no baseline row exists.
B0_apdtm_cls_apdtm_features_original,fit+gen,16,0.6080296349440278,0.4758944016200878,0.3503172515456138,0.3282401070860697,87.5,2.0,800.8125,APDTM faithful baseline: original APDTM meta-database only.,classifier,apdtm,apdtm_original,apdtm5_default,100,10,Default-only CASH rows prefer recorded v6_baseline_* rows; fallback is all-empty hyperparameters or nearest documented default when no baseline row exists.
B0_apdtm_cls_apdtm_features_original,fit+pre,16,0.44823402611345553,0.3036332824834269,0.4987472703778403,0.3446061092400935,151.0,2.0,800.8125,APDTM faithful baseline: original APDTM meta-database only.,classifier,apdtm,apdtm_original,apdtm5_default,100,10,Default-only CASH rows prefer recorded v6_baseline_* rows; fallback is all-empty hyperparameters or nearest documented default when no baseline row exists.
B0_apdtm_cls_apdtm_features_original,fit+sim,16,0.5782800750460422,0.46276083936057827,0.3621763588136776,0.2781878457469941,101.5,2.0,800.8125,APDTM faithful baseline: original APDTM meta-database only.,classifier,apdtm,apdtm_original,apdtm5_default,100,10,Default-only CASH rows prefer recorded v6_baseline_* rows; fallback is all-empty hyperparameters or nearest documented default when no baseline row exists.
B0_apdtm_cls_apdtm_features_original,fitn,16,0.5599083861967152,0.49599464527411175,0.4400916138032848,0.4400916138032848,77.0,2.0,800.8125,APDTM faithful baseline: original APDTM meta-database only.,classifier,apdtm,apdtm_original,apdtm5_default,100,10,Default-only CASH rows prefer recorded v6_baseline_* rows; fallback is all-empty hyperparameters or nearest documented default when no baseline row exists.
B0_apdtm_cls_apdtm_features_original,gen+sim,16,0.595986291260028,0.49476126731810016,0.36457555734487573,0.19250702896569977,91.5,2.0,800.8125,APDTM faithful baseline: original APDTM meta-database only.,classifier,apdtm,apdtm_original,apdtm5_default,100,10,Default-only CASH rows prefer recorded v6_baseline_* rows; fallback is all-empty hyperparameters or nearest documented default when no baseline row exists.
B0_apdtm_cls_apdtm_features_original,gene,16,0.6520507202672335,0.5663433303066511,0.2877438123777942,0.21702952838185086,59.5,2.0,800.8125,APDTM faithful baseline: original APDTM meta-database only.,classifier,apdtm,apdtm_original,apdtm5_default,100,10,Default-only CASH rows prefer recorded v6_baseline_* rows; fallback is all-empty hyperparameters or nearest documented default when no baseline row exists.
B0_apdtm_cls_apdtm_features_original,mix-fit,16,0.5152676168456295,0.35343355443654306,0.3972222053909185,0.2697936051813486,146.5,2.0,800.8125,APDTM faithful baseline: original APDTM meta-database only.,classifier,apdtm,apdtm_original,apdtm5_default,100,10,Default-only CASH rows prefer recorded v6_baseline_* rows; fallback is all-empty hyperparameters or nearest documented default when no baseline row exists.
B0_apdtm_cls_apdtm_features_original,mix-gen,16,0.5658006806647228,0.3837130891158439,0.33372209696317545,0.1813280094681056,146.0,2.0,800.8125,APDTM faithful baseline: original APDTM meta-database only.,classifier,apdtm,apdtm_original,apdtm5_default,100,10,Default-only CASH rows prefer recorded v6_baseline_* rows; fallback is all-empty hyperparameters or nearest documented default when no baseline row exists.
B0_apdtm_cls_apdtm_features_original,mix-prec,16,0.5035203889693389,0.25809072230952945,0.41936412446242766,0.24402914676712176,150.5,2.0,800.8125,APDTM faithful baseline: original APDTM meta-database only.,classifier,apdtm,apdtm_original,apdtm5_default,100,10,Default-only CASH rows prefer recorded v6_baseline_* rows; fallback is all-empty hyperparameters or nearest documented default when no baseline row exists.
B0_apdtm_cls_apdtm_features_original,mix-simp,16,0.5804751992173728,0.4356760433931042,0.33177488601475225,0.22446960012560133,145.0,2.0,800.8125,APDTM faithful baseline: original APDTM meta-database only.,classifier,apdtm,apdtm_original,apdtm5_default,100,10,Default-only CASH rows prefer recorded v6_baseline_* rows; fallback is all-empty hyperparameters or nearest documented default when no baseline row exists.
B0_apdtm_cls_apdtm_features_original,pre+gen,16,0.48512182413115323,0.2153952991480768,0.4507591810457831,0.22033476794010792,152.5,2.0,800.8125,APDTM faithful baseline: original APDTM meta-database only.,classifier,apdtm,apdtm_original,apdtm5_default,100,10,Default-only CASH rows prefer recorded v6_baseline_* rows; fallback is all-empty hyperparameters or nearest documented default when no baseline row exists.
B0_apdtm_cls_apdtm_features_original,pre+sim,16,0.4116195936703012,0.2871857848717239,0.4913059122128711,0.19545684256253482,154.5,2.0,800.8125,APDTM faithful baseline: original APDTM meta-database only.,classifier,apdtm,apdtm_original,apdtm5_default,100,10,Default-only CASH rows prefer recorded v6_baseline_* rows; fallback is all-empty hyperparameters or nearest documented default when no baseline row exists.
B0_apdtm_cls_apdtm_features_original,prec,16,0.3122265794274465,0.12203467718285377,0.6824644999893743,0.3082227193828525,160.0,2.0,800.8125,APDTM faithful baseline: original APDTM meta-database only.,classifier,apdtm,apdtm_original,apdtm5_default,100,10,Default-only CASH rows prefer recorded v6_baseline_* rows; fallback is all-empty hyperparameters or nearest documented default when no baseline row exists.
B0_apdtm_cls_apdtm_features_original,simp,16,0.5003159451005817,0.4371731770675733,0.4733764331030724,0.18032818014829688,131.5,2.0,800.8125,APDTM faithful baseline: original APDTM meta-database only.,classifier,apdtm,apdtm_original,apdtm5_default,100,10,Default-only CASH rows prefer recorded v6_baseline_* rows; fallback is all-empty hyperparameters or nearest documented default when no baseline row exists.
B1_apdtm_cls_apdtm_features_original_plus_cash_real,equal,16,0.7670366990618415,0.7689574904187264,0.19113461346929114,0.051956228551046146,134.5,2.0,815.8125,APDTM classifier with original APDTM plus CASH real APDTM-feature rows.,classifier,apdtm,apdtm_original_plus_cash_real,apdtm5_default,100,10,Default-only CASH rows prefer recorded v6_baseline_* rows; fallback is all-empty hyperparameters or nearest documented default when no baseline row exists.
B1_apdtm_cls_apdtm_features_original_plus_cash_real,fit+gen,16,0.9516592810599225,0.9064910871828353,0.04579772742691681,0.023720582967372755,8.5,1.5,815.8125,APDTM classifier with original APDTM plus CASH real APDTM-feature rows.,classifier,apdtm,apdtm_original_plus_cash_real,apdtm5_default,100,10,Default-only CASH rows prefer recorded v6_baseline_* rows; fallback is all-empty hyperparameters or nearest documented default when no baseline row exists.
B1_apdtm_cls_apdtm_features_original_plus_cash_real,fit+pre,16,0.6738473201291012,0.7009494777339366,0.3003641866686501,0.14622302553090333,117.5,2.0,815.8125,APDTM classifier with original APDTM plus CASH real APDTM-feature rows.,classifier,apdtm,apdtm_original_plus_cash_real,apdtm5_default,100,10,Default-only CASH rows prefer recorded v6_baseline_* rows; fallback is all-empty hyperparameters or nearest documented default when no baseline row exists.
B1_apdtm_cls_apdtm_features_original_plus_cash_real,fit+sim,16,0.862711719295037,0.8892582178814779,0.11775206301591272,0.03376354994922923,58.0,1.0,815.8125,APDTM classifier with original APDTM plus CASH real APDTM-feature rows.,classifier,apdtm,apdtm_original_plus_cash_real,apdtm5_default,100,10,Default-only CASH rows prefer recorded v6_baseline_* rows; fallback is all-empty hyperparameters or nearest documented default when no baseline row exists.
B1_apdtm_cls_apdtm_features_original_plus_cash_real,fitn,16,0.9666579875775921,0.9334946452741117,0.03334201242240786,0.03334201242240786,1.0,1.0,815.8125,APDTM classifier with original APDTM plus CASH real APDTM-feature rows.,classifier,apdtm,apdtm_original_plus_cash_real,apdtm5_default,100,10,Default-only CASH rows prefer recorded v6_baseline_* rows; fallback is all-empty hyperparameters or nearest documented default when no baseline row exists.
B1_apdtm_cls_apdtm_features_original_plus_cash_real,gen+sim,16,0.7541297028335328,0.771255776801035,0.22238133880929084,0.050312810430114874,125.0,1.0,815.8125,APDTM classifier with original APDTM plus CASH real APDTM-feature rows.,classifier,apdtm,apdtm_original_plus_cash_real,apdtm5_default,100,10,Default-only CASH rows prefer recorded v6_baseline_* rows; fallback is all-empty hyperparameters or nearest documented default when no baseline row exists.
B1_apdtm_cls_apdtm_features_original_plus_cash_real,gene,16,0.9017796746254736,0.8604851939742109,0.08545436552127722,0.014740081525333897,59.5,1.5,815.8125,APDTM classifier with original APDTM plus CASH real APDTM-feature rows.,classifier,apdtm,apdtm_original_plus_cash_real,apdtm5_default,100,10,Default-only CASH rows prefer recorded v6_baseline_* rows; fallback is all-empty hyperparameters or nearest documented default when no baseline row exists.
B1_apdtm_cls_apdtm_features_original_plus_cash_real,mix-fit,16,0.7621409585924074,0.7632025499376095,0.20086865229873446,0.07344005208916454,115.5,2.0,815.8125,APDTM classifier with original APDTM plus CASH real APDTM-feature rows.,classifier,apdtm,apdtm_original_plus_cash_real,apdtm5_default,100,10,Default-only CASH rows prefer recorded v6_baseline_* rows; fallback is all-empty hyperparameters or nearest documented default when no baseline row exists.
B1_apdtm_cls_apdtm_features_original_plus_cash_real,mix-gen,16,0.7639381803522372,0.7246418140672042,0.18949834781058444,0.03710426031551458,136.0,2.0,815.8125,APDTM classifier with original APDTM plus CASH real APDTM-feature rows.,classifier,apdtm,apdtm_original_plus_cash_real,apdtm5_default,100,10,Default-only CASH rows prefer recorded v6_baseline_* rows; fallback is all-empty hyperparameters or nearest documented default when no baseline row exists.
B1_apdtm_cls_apdtm_features_original_plus_cash_real,mix-prec,16,0.683917254630286,0.6274809828292272,0.2731108446928306,0.0977758669975247,139.0,2.0,815.8125,APDTM classifier with original APDTM plus CASH real APDTM-feature rows.,classifier,apdtm,apdtm_original_plus_cash_real,apdtm5_default,100,10,Default-only CASH rows prefer recorded v6_baseline_* rows; fallback is all-empty hyperparameters or nearest documented default when no baseline row exists.
B1_apdtm_cls_apdtm_features_original_plus_cash_real,mix-simp,16,0.8308394751262898,0.8547614263871717,0.13745086353957428,0.030145577650423368,119.5,1.0,815.8125,APDTM classifier with original APDTM plus CASH real APDTM-feature rows.,classifier,apdtm,apdtm_original_plus_cash_real,apdtm5_default,100,10,Default-only CASH rows prefer recorded v6_baseline_* rows; fallback is all-empty hyperparameters or nearest documented default when no baseline row exists.
B1_apdtm_cls_apdtm_features_original_plus_cash_real,pre+gen,16,0.6026564663406141,0.5019271339571554,0.35460617459877297,0.12418176149309776,155.0,2.0,815.8125,APDTM classifier with original APDTM plus CASH real APDTM-feature rows.,classifier,apdtm,apdtm_original_plus_cash_real,apdtm5_default,100,10,Default-only CASH rows prefer recorded v6_baseline_* rows; fallback is all-empty hyperparameters or nearest documented default when no baseline row exists.
B1_apdtm_cls_apdtm_features_original_plus_cash_real,pre+sim,16,0.45941710993026785,0.5201041028961001,0.455248134086793,0.15939906443645668,161.0,2.5,815.8125,APDTM classifier with original APDTM plus CASH real APDTM-feature rows.,classifier,apdtm,apdtm_original_plus_cash_real,apdtm5_default,100,10,Default-only CASH rows prefer recorded v6_baseline_* rows; fallback is all-empty hyperparameters or nearest documented default when no baseline row exists.
B1_apdtm_cls_apdtm_features_original_plus_cash_real,prec,16,0.30225226421500145,0.41598743651429865,0.692447933951871,0.31820615334534913,165.0,2.0,815.8125,APDTM classifier with original APDTM plus CASH real APDTM-feature rows.,classifier,apdtm,apdtm_original_plus_cash_real,apdtm5_default,100,10,Default-only CASH rows prefer recorded v6_baseline_* rows; fallback is all-empty hyperparameters or nearest documented default when no baseline row exists.
B1_apdtm_cls_apdtm_features_original_plus_cash_real,simp,16,0.5798187682282304,0.7191397789682565,0.3912774428884196,0.09822918993364403,129.0,1.0,815.8125,APDTM classifier with original APDTM plus CASH real APDTM-feature rows.,classifier,apdtm,apdtm_original_plus_cash_real,apdtm5_default,100,10,Default-only CASH rows prefer recorded v6_baseline_* rows; fallback is all-empty hyperparameters or nearest documented default when no baseline row exists.
B2_apdtm_cls_cash_features_cash_real_default,equal,18,0.8207191679259732,0.8869270690266213,0.14535611105005952,0.01286792632377223,112.0,1.0,16.055555555555557,"APDTM-style classifier trained on CASH features, real logs only.",classifier,cash,cash_real,apdtm5_default,100,10,Default-only CASH rows prefer recorded v6_baseline_* rows; fallback is all-empty hyperparameters or nearest documented default when no baseline row exists.
B2_apdtm_cls_cash_features_cash_real_default,fit+gen,18,0.8991382112388694,0.678953368251009,0.09629539631021854,0.07642722471430513,59.5,4.0,16.055555555555557,"APDTM-style classifier trained on CASH features, real logs only.",classifier,cash,cash_real,apdtm5_default,100,10,Default-only CASH rows prefer recorded v6_baseline_* rows; fallback is all-empty hyperparameters or nearest documented default when no baseline row exists.
B2_apdtm_cls_cash_features_cash_real_default,fit+pre,18,0.8281320827395328,0.9728728543284425,0.15346726176101946,0.011910431860091601,55.5,1.0,16.055555555555557,"APDTM-style classifier trained on CASH features, real logs only.",classifier,cash,cash_real,apdtm5_default,100,10,Default-only CASH rows prefer recorded v6_baseline_* rows; fallback is all-empty hyperparameters or nearest documented default when no baseline row exists.
B2_apdtm_cls_cash_features_cash_real_default,fit+sim,18,0.8406777731400857,0.7045599434794587,0.13620459392167367,0.05721016096084724,96.5,3.0,16.055555555555557,"APDTM-style classifier trained on CASH features, real logs only.",classifier,cash,cash_real,apdtm5_default,100,10,Default-only CASH rows prefer recorded v6_baseline_* rows; fallback is all-empty hyperparameters or nearest documented default when no baseline row exists.
B2_apdtm_cls_cash_features_cash_real_default,fitn,18,0.951230635320695,0.8849064576852584,0.04876936467930512,0.04876936467930512,35.0,4.0,16.055555555555557,"APDTM-style classifier trained on CASH features, real logs only.",classifier,cash,cash_real,apdtm5_default,100,10,Default-only CASH rows prefer recorded v6_baseline_* rows; fallback is all-empty hyperparameters or nearest documented default when no baseline row exists.
B2_apdtm_cls_cash_features_cash_real_default,gen+sim,18,0.6945183728630052,0.41531553568345086,0.27288627430070617,0.11565032268715386,143.0,4.0,16.055555555555557,"APDTM-style classifier trained on CASH features, real logs only.",classifier,cash,cash_real,apdtm5_default,100,10,Default-only CASH rows prefer recorded v6_baseline_* rows; fallback is all-empty hyperparameters or nearest documented default when no baseline row exists.
B2_apdtm_cls_cash_features_cash_real_default,gene,18,0.8139332091482037,0.3982545049437412,0.16867113170395862,0.10465479853863516,118.0,5.0,16.055555555555557,"APDTM-style classifier trained on CASH features, real logs only.",classifier,cash,cash_real,apdtm5_default,100,10,Default-only CASH rows prefer recorded v6_baseline_* rows; fallback is all-empty hyperparameters or nearest documented default when no baseline row exists.
B2_apdtm_cls_cash_features_cash_real_default,mix-fit,18,0.8452489744373141,0.9336958017967874,0.12826285126012907,0.008513883061690146,89.0,1.0,16.055555555555557,"APDTM-style classifier trained on CASH features, real logs only.",classifier,cash,cash_real,apdtm5_default,100,10,Default-only CASH rows prefer recorded v6_baseline_* rows; fallback is all-empty hyperparameters or nearest documented default when no baseline row exists.
B2_apdtm_cls_cash_features_cash_real_default,mix-gen,18,0.7866169519711227,0.7965501754645095,0.17103831130618585,0.023116952077042625,134.5,1.0,16.055555555555557,"APDTM-style classifier trained on CASH features, real logs only.",classifier,cash,cash_real,apdtm5_default,100,10,Default-only CASH rows prefer recorded v6_baseline_* rows; fallback is all-empty hyperparameters or nearest documented default when no baseline row exists.
B2_apdtm_cls_cash_features_cash_real_default,mix-prec,18,0.7864423620585883,0.8718898739374061,0.18091644595114217,0.015747841533463036,105.0,1.0,16.055555555555557,"APDTM-style classifier trained on CASH features, real logs only.",classifier,cash,cash_real,apdtm5_default,100,10,Default-only CASH rows prefer recorded v6_baseline_* rows; fallback is all-empty hyperparameters or nearest documented default when no baseline row exists.
B2_apdtm_cls_cash_features_cash_real_default,mix-simp,18,0.8313045688304914,0.7954750936574944,0.13725853709188882,0.03334436635302864,122.5,3.0,16.055555555555557,"APDTM-style classifier trained on CASH features, real logs only.",classifier,cash,cash_real,apdtm5_default,100,10,Default-only CASH rows prefer recorded v6_baseline_* rows; fallback is all-empty hyperparameters or nearest documented default when no baseline row exists.
B2_apdtm_cls_cash_features_cash_real_default,pre+gen,18,0.7226892878889408,0.8333333333333334,0.24243993367996974,0.024821870749425188,125.0,1.0,16.055555555555557,"APDTM-style classifier trained on CASH features, real logs only.",classifier,cash,cash_real,apdtm5_default,100,10,Default-only CASH rows prefer recorded v6_baseline_* rows; fallback is all-empty hyperparameters or nearest documented default when no baseline row exists.
B2_apdtm_cls_cash_features_cash_real_default,pre+sim,18,0.6303309840174213,0.8197610968108207,0.30880096605539187,0.034366767558442486,133.0,1.0,16.055555555555557,"APDTM-style classifier trained on CASH features, real logs only.",classifier,cash,cash_real,apdtm5_default,100,10,Default-only CASH rows prefer recorded v6_baseline_* rows; fallback is all-empty hyperparameters or nearest documented default when no baseline row exists.
B2_apdtm_cls_cash_features_cash_real_default,prec,18,0.614026427978453,0.8866776961291761,0.3820917105260058,0.03853189217551137,114.5,1.0,16.055555555555557,"APDTM-style classifier trained on CASH features, real logs only.",classifier,cash,cash_real,apdtm5_default,100,10,Default-only CASH rows prefer recorded v6_baseline_* rows; fallback is all-empty hyperparameters or nearest documented default when no baseline row exists.
B2_apdtm_cls_cash_features_cash_real_default,simp,18,0.5528839981389603,0.5598838922265066,0.4114436793752971,0.13796665572701375,138.5,3.0,16.055555555555557,"APDTM-style classifier trained on CASH features, real logs only.",classifier,cash,cash_real,apdtm5_default,100,10,Default-only CASH rows prefer recorded v6_baseline_* rows; fallback is all-empty hyperparameters or nearest documented default when no baseline row exists.
B3_apdtm_cls_cash_features_cash_real_synthetic_default,equal,18,0.8269569480657794,0.9228394035805224,0.1400784842751219,0.007590299548834643,112.0,1.0,78.05555555555556,"APDTM-style classifier trained on CASH features, real plus synthetic logs.",classifier,cash,cash_real_synthetic,apdtm5_default,100,10,Default-only CASH rows prefer recorded v6_baseline_* rows; fallback is all-empty hyperparameters or nearest documented default when no baseline row exists.
B3_apdtm_cls_cash_features_cash_real_synthetic_default,fit+gen,18,0.8975433534144044,0.6788221438006813,0.09774449921609601,0.07787632762018262,76.0,4.0,78.05555555555556,"APDTM-style classifier trained on CASH features, real plus synthetic logs.",classifier,cash,cash_real_synthetic,apdtm5_default,100,10,Default-only CASH rows prefer recorded v6_baseline_* rows; fallback is all-empty hyperparameters or nearest documented default when no baseline row exists.
B3_apdtm_cls_cash_features_cash_real_synthetic_default,fit+pre,18,0.8334215959166902,0.986560387266597,0.14864459586874781,0.007087765967819953,65.0,1.0,78.05555555555556,"APDTM-style classifier trained on CASH features, real plus synthetic logs.",classifier,cash,cash_real_synthetic,apdtm5_default,100,10,Default-only CASH rows prefer recorded v6_baseline_* rows; fallback is all-empty hyperparameters or nearest documented default when no baseline row exists.
B3_apdtm_cls_cash_features_cash_real_synthetic_default,fit+sim,18,0.8420803309795749,0.7170086022973117,0.13475449195748113,0.05576005899665472,99.0,3.0,78.05555555555556,"APDTM-style classifier trained on CASH features, real plus synthetic logs.",classifier,cash,cash_real_synthetic,apdtm5_default,100,10,Default-only CASH rows prefer recorded v6_baseline_* rows; fallback is all-empty hyperparameters or nearest documented default when no baseline row exists.
B3_apdtm_cls_cash_features_cash_real_synthetic_default,fitn,18,0.9454990467214065,0.8768845850017345,0.05450095327859362,0.05450095327859362,58.5,4.0,78.05555555555556,"APDTM-style classifier trained on CASH features, real plus synthetic logs.",classifier,cash,cash_real_synthetic,apdtm5_default,100,10,Default-only CASH rows prefer recorded v6_baseline_* rows; fallback is all-empty hyperparameters or nearest documented default when no baseline row exists.
B3_apdtm_cls_cash_features_cash_real_synthetic_default,gen+sim,18,0.699750242371049,0.4623784205768165,0.2671536866431026,0.10991773502955032,134.0,4.0,78.05555555555556,"APDTM-style classifier trained on CASH features, real plus synthetic logs.",classifier,cash,cash_real_synthetic,apdtm5_default,100,10,Default-only CASH rows prefer recorded v6_baseline_* rows; fallback is all-empty hyperparameters or nearest documented default when no baseline row exists.
B3_apdtm_cls_cash_features_cash_real_synthetic_default,gene,18,0.8166210680940772,0.4275919569274924,0.16583774891642503,0.10182141575110158,115.0,5.0,78.05555555555556,"APDTM-style classifier trained on CASH features, real plus synthetic logs.",classifier,cash,cash_real_synthetic,apdtm5_default,100,10,Default-only CASH rows prefer recorded v6_baseline_* rows; fallback is all-empty hyperparameters or nearest documented default when no baseline row exists.
B3_apdtm_cls_cash_features_cash_real_synthetic_default,mix-fit,18,0.8504193636724426,0.9517872369354021,0.12393271380040688,0.004183745601967955,89.0,1.0,78.05555555555556,"APDTM-style classifier trained on CASH features, real plus synthetic logs.",classifier,cash,cash_real_synthetic,apdtm5_default,100,10,Default-only CASH rows prefer recorded v6_baseline_* rows; fallback is all-empty hyperparameters or nearest documented default when no baseline row exists.
B3_apdtm_cls_cash_features_cash_real_synthetic_default,mix-gen,18,0.7937147834342458,0.871518848548037,0.16481319521603285,0.016891835986889633,132.0,1.0,78.05555555555556,"APDTM-style classifier trained on CASH features, real plus synthetic logs.",classifier,cash,cash_real_synthetic,apdtm5_default,100,10,Default-only CASH rows prefer recorded v6_baseline_* rows; fallback is all-empty hyperparameters or nearest documented default when no baseline row exists.
B3_apdtm_cls_cash_features_cash_real_synthetic_default,mix-prec,18,0.7940575706141009,0.9241751172043396,0.17419880142843974,0.009030197010760608,112.0,1.0,78.05555555555556,"APDTM-style classifier trained on CASH features, real plus synthetic logs.",classifier,cash,cash_real_synthetic,apdtm5_default,100,10,Default-only CASH rows prefer recorded v6_baseline_* rows; fallback is all-empty hyperparameters or nearest documented default when no baseline row exists.
B3_apdtm_cls_cash_features_cash_real_synthetic_default,mix-simp,18,0.8356201834882968,0.8223240967004863,0.13342092806471606,0.02950675732585588,122.5,2.5,78.05555555555556,"APDTM-style classifier trained on CASH features, real plus synthetic logs.",classifier,cash,cash_real_synthetic,apdtm5_default,100,10,Default-only CASH rows prefer recorded v6_baseline_* rows; fallback is all-empty hyperparameters or nearest documented default when no baseline row exists.
B3_apdtm_cls_cash_features_cash_real_synthetic_default,pre+gen,18,0.732641590819503,0.8946815871608335,0.23333478209428707,0.015716719163742517,115.5,1.0,78.05555555555556,"APDTM-style classifier trained on CASH features, real plus synthetic logs.",classifier,cash,cash_real_synthetic,apdtm5_default,100,10,Default-only CASH rows prefer recorded v6_baseline_* rows; fallback is all-empty hyperparameters or nearest documented default when no baseline row exists.
B3_apdtm_cls_cash_features_cash_real_synthetic_default,pre+sim,18,0.6448321467180563,0.8948785060767699,0.29679660959963916,0.022362411102689828,125.0,1.0,78.05555555555556,"APDTM-style classifier trained on CASH features, real plus synthetic logs.",classifier,cash,cash_real_synthetic,apdtm5_default,100,10,Default-only CASH rows prefer recorded v6_baseline_* rows; fallback is all-empty hyperparameters or nearest documented default when no baseline row exists.
B3_apdtm_cls_cash_features_cash_real_synthetic_default,prec,18,0.6294033483622847,0.8988686760952296,0.3667147901421741,0.023154971791679586,110.0,1.0,78.05555555555556,"APDTM-style classifier trained on CASH features, real plus synthetic logs.",classifier,cash,cash_real_synthetic,apdtm5_default,100,10,Default-only CASH rows prefer recorded v6_baseline_* rows; fallback is all-empty hyperparameters or nearest documented default when no baseline row exists.
B3_apdtm_cls_cash_features_cash_real_synthetic_default,simp,18,0.5611345929170151,0.6183601737214243,0.4028118868476236,0.12933486319934023,134.0,3.0,78.05555555555556,"APDTM-style classifier trained on CASH features, real plus synthetic logs.",classifier,cash,cash_real_synthetic,apdtm5_default,100,10,Default-only CASH rows prefer recorded v6_baseline_* rows; fallback is all-empty hyperparameters or nearest documented default when no baseline row exists.
B4_apdtm_cls_cash_features_cash_full_clean_default,equal,18,0.8293284969556534,0.9354110413069598,0.13789008699600153,0.005401902269714259,106.5,1.0,131.22222222222223,"APDTM-style classifier trained on CASH features, full CASH dataset.",classifier,cash,cash_full,apdtm5_default,100,10,Default-only CASH rows prefer recorded v6_baseline_* rows; fallback is all-empty hyperparameters or nearest documented default when no baseline row exists.
B4_apdtm_cls_cash_features_cash_full_clean_default,fit+gen,18,0.896448927174531,0.6761947422928641,0.09883330339757984,0.07896513180166645,76.0,4.0,131.22222222222223,"APDTM-style classifier trained on CASH features, full CASH dataset.",classifier,cash,cash_full,apdtm5_default,100,10,Default-only CASH rows prefer recorded v6_baseline_* rows; fallback is all-empty hyperparameters or nearest documented default when no baseline row exists.
B4_apdtm_cls_cash_features_cash_full_clean_default,fit+pre,18,0.840679342407561,1.0,0.14155682990092788,0.0,55.5,1.0,131.22222222222223,"APDTM-style classifier trained on CASH features, full CASH dataset.",classifier,cash,cash_full,apdtm5_default,100,10,Default-only CASH rows prefer recorded v6_baseline_* rows; fallback is all-empty hyperparameters or nearest documented default when no baseline row exists.
B4_apdtm_cls_cash_features_cash_full_clean_default,fit+sim,18,0.8399632825856295,0.708909849141377,0.13660948610128398,0.057615053140457576,99.0,3.0,131.22222222222223,"APDTM-style classifier trained on CASH features, full CASH dataset.",classifier,cash,cash_full,apdtm5_default,100,10,Default-only CASH rows prefer recorded v6_baseline_* rows; fallback is all-empty hyperparameters or nearest documented default when no baseline row exists.
B4_apdtm_cls_cash_features_cash_full_clean_default,fitn,18,0.9452662198056989,0.876583729645967,0.05473378019430111,0.05473378019430111,58.5,4.0,131.22222222222223,"APDTM-style classifier trained on CASH features, full CASH dataset.",classifier,cash,cash_full,apdtm5_default,100,10,Default-only CASH rows prefer recorded v6_baseline_* rows; fallback is all-empty hyperparameters or nearest documented default when no baseline row exists.
B4_apdtm_cls_cash_features_cash_full_clean_default,gen+sim,18,0.6970289336443501,0.4472527991343692,0.2698646580526818,0.11262870643912952,137.5,4.0,131.22222222222223,"APDTM-style classifier trained on CASH features, full CASH dataset.",classifier,cash,cash_full,apdtm5_default,100,10,Default-only CASH rows prefer recorded v6_baseline_* rows; fallback is all-empty hyperparameters or nearest documented default when no baseline row exists.
B4_apdtm_cls_cash_features_cash_full_clean_default,gene,18,0.8146613984228959,0.3982545049437412,0.1677825303636852,0.10376619719836175,118.0,5.0,131.22222222222223,"APDTM-style classifier trained on CASH features, full CASH dataset.",classifier,cash,cash_full,apdtm5_default,100,10,Default-only CASH rows prefer recorded v6_baseline_* rows; fallback is all-empty hyperparameters or nearest documented default when no baseline row exists.
B4_apdtm_cls_cash_features_cash_full_clean_default,mix-fit,18,0.8539910477099294,0.9622324522205294,0.1205932473303913,0.0008442791319523844,89.0,1.0,131.22222222222223,"APDTM-style classifier trained on CASH features, full CASH dataset.",classifier,cash,cash_full,apdtm5_default,100,10,Default-only CASH rows prefer recorded v6_baseline_* rows; fallback is all-empty hyperparameters or nearest documented default when no baseline row exists.
B4_apdtm_cls_cash_features_cash_full_clean_default,mix-gen,18,0.7948452214714061,0.892088089993367,0.16377586712780764,0.01585450789866444,132.0,1.0,131.22222222222223,"APDTM-style classifier trained on CASH features, full CASH dataset.",classifier,cash,cash_full,apdtm5_default,100,10,Default-only CASH rows prefer recorded v6_baseline_* rows; fallback is all-empty hyperparameters or nearest documented default when no baseline row exists.
B4_apdtm_cls_cash_features_cash_full_clean_default,mix-prec,18,0.7990836741634689,0.9444444444444444,0.16941317384241014,0.00424456942473101,100.0,1.0,131.22222222222223,"APDTM-style classifier trained on CASH features, full CASH dataset.",classifier,cash,cash_full,apdtm5_default,100,10,Default-only CASH rows prefer recorded v6_baseline_* rows; fallback is all-empty hyperparameters or nearest documented default when no baseline row exists.
B4_apdtm_cls_cash_features_cash_full_clean_default,mix-simp,18,0.8351625625948355,0.818900188475006,0.13382976109250488,0.029915590353644703,122.5,2.5,131.22222222222223,"APDTM-style classifier trained on CASH features, full CASH dataset.",classifier,cash,cash_full,apdtm5_default,100,10,Default-only CASH rows prefer recorded v6_baseline_* rows; fallback is all-empty hyperparameters or nearest documented default when no baseline row exists.
B4_apdtm_cls_cash_features_cash_full_clean_default,pre+gen,18,0.7388971422125911,0.9355480974660106,0.2271029933922435,0.009484930461698892,115.5,1.0,131.22222222222223,"APDTM-style classifier trained on CASH features, full CASH dataset.",classifier,cash,cash_full,apdtm5_default,100,10,Default-only CASH rows prefer recorded v6_baseline_* rows; fallback is all-empty hyperparameters or nearest documented default when no baseline row exists.
B4_apdtm_cls_cash_features_cash_full_clean_default,pre+sim,18,0.650297745457781,0.9304249889992815,0.2913310108599146,0.016896812362965228,125.0,1.0,131.22222222222223,"APDTM-style classifier trained on CASH features, full CASH dataset.",classifier,cash,cash_full,apdtm5_default,100,10,Default-only CASH rows prefer recorded v6_baseline_* rows; fallback is all-empty hyperparameters or nearest documented default when no baseline row exists.
B4_apdtm_cls_cash_features_cash_full_clean_default,prec,18,0.6438117072136321,0.949412772083722,0.35230643129082667,0.008746612940332176,110.0,1.0,131.22222222222223,"APDTM-style classifier trained on CASH features, full CASH dataset.",classifier,cash,cash_full,apdtm5_default,100,10,Default-only CASH rows prefer recorded v6_baseline_* rows; fallback is all-empty hyperparameters or nearest documented default when no baseline row exists.
B4_apdtm_cls_cash_features_cash_full_clean_default,simp,18,0.5576574315451168,0.6091705329528361,0.4062890482195218,0.13281202457123845,136.0,3.0,131.22222222222223,"APDTM-style classifier trained on CASH features, full CASH dataset.",classifier,cash,cash_full,apdtm5_default,100,10,Default-only CASH rows prefer recorded v6_baseline_* rows; fallback is all-empty hyperparameters or nearest documented default when no baseline row exists.
C0_cash_reg_apdtm_features_cash_real_default,equal,16,0.6095276935902499,0.5974168790090435,0.30365768219147926,0.16447929727323427,120.5,1.5,60.9375,CASH-style regressor using APDTM features and APDTM default metrics on real logs.,regressor,apdtm,cash_real,apdtm5_default,200,42,Default-only CASH rows prefer recorded v6_baseline_* rows; fallback is all-empty hyperparameters or nearest documented default when no baseline row exists.
C0_cash_reg_apdtm_features_cash_real_default,fit+gen,16,0.7358229687434815,0.7342463841849352,0.23100867386041524,0.20893152940087117,8.5,1.0,60.9375,CASH-style regressor using APDTM features and APDTM default metrics on real logs.,regressor,apdtm,cash_real,apdtm5_default,200,42,Default-only CASH rows prefer recorded v6_baseline_* rows; fallback is all-empty hyperparameters or nearest documented default when no baseline row exists.
C0_cash_reg_apdtm_features_cash_real_default,fit+pre,16,0.6430504026773305,0.6865170327689408,0.3114656348623382,0.1573244737245914,90.0,1.0,60.9375,CASH-style regressor using APDTM features and APDTM default metrics on real logs.,regressor,apdtm,cash_real,apdtm5_default,200,42,Default-only CASH rows prefer recorded v6_baseline_* rows; fallback is all-empty hyperparameters or nearest documented default when no baseline row exists.
C0_cash_reg_apdtm_features_cash_real_default,fit+sim,16,0.594592598975567,0.5853672437194667,0.348008575805224,0.2640200627385405,54.5,2.0,60.9375,CASH-style regressor using APDTM features and APDTM default metrics on real logs.,regressor,apdtm,cash_real,apdtm5_default,200,42,Default-only CASH rows prefer recorded v6_baseline_* rows; fallback is all-empty hyperparameters or nearest documented default when no baseline row exists.
C0_cash_reg_apdtm_features_cash_real_default,fitn,16,0.9350311549721194,0.9321684430540086,0.06496884502788056,0.06496884502788056,1.0,1.0,60.9375,CASH-style regressor using APDTM features and APDTM default metrics on real logs.,regressor,apdtm,cash_real,apdtm5_default,200,42,Default-only CASH rows prefer recorded v6_baseline_* rows; fallback is all-empty hyperparameters or nearest documented default when no baseline row exists.
C0_cash_reg_apdtm_features_cash_real_default,gen+sim,16,0.5777260348587,0.6165170604038365,0.3740414530492107,0.20197292467003472,49.5,1.0,60.9375,CASH-style regressor using APDTM features and APDTM default metrics on real logs.,regressor,apdtm,cash_real,apdtm5_default,200,42,Default-only CASH rows prefer recorded v6_baseline_* rows; fallback is all-empty hyperparameters or nearest documented default when no baseline row exists.
C0_cash_reg_apdtm_features_cash_real_default,gene,16,0.7179528574803034,0.7332914419801215,0.23475652523147716,0.16404224123553385,48.0,1.0,60.9375,CASH-style regressor using APDTM features and APDTM default metrics on real logs.,regressor,apdtm,cash_real,apdtm5_default,200,42,Default-only CASH rows prefer recorded v6_baseline_* rows; fallback is all-empty hyperparameters or nearest documented default when no baseline row exists.
C0_cash_reg_apdtm_features_cash_real_default,mix-fit,16,0.6270368334957699,0.633465653340531,0.2979240665251699,0.17049546631559998,94.5,1.0,60.9375,CASH-style regressor using APDTM features and APDTM default metrics on real logs.,regressor,apdtm,cash_real,apdtm5_default,200,42,Default-only CASH rows prefer recorded v6_baseline_* rows; fallback is all-empty hyperparameters or nearest documented default when no baseline row exists.
C0_cash_reg_apdtm_features_cash_real_default,mix-gen,16,0.5838524417701456,0.48353235142131173,0.3179100546766977,0.16551596718162784,141.5,2.0,60.9375,CASH-style regressor using APDTM features and APDTM default metrics on real logs.,regressor,apdtm,cash_real,apdtm5_default,200,42,Default-only CASH rows prefer recorded v6_baseline_* rows; fallback is all-empty hyperparameters or nearest documented default when no baseline row exists.
C0_cash_reg_apdtm_features_cash_real_default,mix-prec,16,0.614103956112854,0.5927051779473118,0.31793686672372673,0.14260188902842086,116.5,1.0,60.9375,CASH-style regressor using APDTM features and APDTM default metrics on real logs.,regressor,apdtm,cash_real,apdtm5_default,200,42,Default-only CASH rows prefer recorded v6_baseline_* rows; fallback is all-empty hyperparameters or nearest documented default when no baseline row exists.
C0_cash_reg_apdtm_features_cash_real_default,mix-simp,16,0.571403864920172,0.5500685176852873,0.3385215471289213,0.23121626123977035,119.0,2.0,60.9375,CASH-style regressor using APDTM features and APDTM default metrics on real logs.,regressor,apdtm,cash_real,apdtm5_default,200,42,Default-only CASH rows prefer recorded v6_baseline_* rows; fallback is all-empty hyperparameters or nearest documented default when no baseline row exists.
C0_cash_reg_apdtm_features_cash_real_default,pre+gen,16,0.5934867734272591,0.5625,0.34720280443412993,0.11677839132845473,129.5,1.0,60.9375,CASH-style regressor using APDTM features and APDTM default metrics on real logs.,regressor,apdtm,cash_real,apdtm5_default,200,42,Default-only CASH rows prefer recorded v6_baseline_* rows; fallback is all-empty hyperparameters or nearest documented default when no baseline row exists.
C0_cash_reg_apdtm_features_cash_real_default,pre+sim,16,0.5538837413662719,0.6097312339121732,0.36950740641878155,0.07365833676844528,132.0,1.5,60.9375,CASH-style regressor using APDTM features and APDTM default metrics on real logs.,regressor,apdtm,cash_real,apdtm5_default,200,42,Default-only CASH rows prefer recorded v6_baseline_* rows; fallback is all-empty hyperparameters or nearest documented default when no baseline row exists.
C0_cash_reg_apdtm_features_cash_real_default,prec,16,0.6090641685235455,0.6225124081453232,0.3865458011083301,0.012304020501808247,117.5,1.0,60.9375,CASH-style regressor using APDTM features and APDTM default metrics on real logs.,regressor,apdtm,cash_real,apdtm5_default,200,42,Default-only CASH rows prefer recorded v6_baseline_* rows; fallback is all-empty hyperparameters or nearest documented default when no baseline row exists.
C0_cash_reg_apdtm_features_cash_real_default,simp,16,0.5151180165666176,0.5637820557084279,0.44842772008615617,0.15537946713138062,115.0,1.5,60.9375,CASH-style regressor using APDTM features and APDTM default metrics on real logs.,regressor,apdtm,cash_real,apdtm5_default,200,42,Default-only CASH rows prefer recorded v6_baseline_* rows; fallback is all-empty hyperparameters or nearest documented default when no baseline row exists.
C1_cash_reg_cash_features_cash_real_default,equal,18,0.8293284969556534,0.9354110413069598,0.13789008699600153,0.005401902269714259,106.5,1.0,85.0,"CASH regressor using CASH features, real logs only, APDTM-5 default representatives.",regressor,cash,cash_real,apdtm5_default,200,42,Default-only CASH rows prefer recorded v6_baseline_* rows; fallback is all-empty hyperparameters or nearest documented default when no baseline row exists.
C1_cash_reg_cash_features_cash_real_default,fit+gen,18,0.9767661322797933,0.9932783074476504,0.02112146901259409,0.0012532974166806889,5.5,1.0,85.0,"CASH regressor using CASH features, real logs only, APDTM-5 default representatives.",regressor,cash,cash_real,apdtm5_default,200,42,Default-only CASH rows prefer recorded v6_baseline_* rows; fallback is all-empty hyperparameters or nearest documented default when no baseline row exists.
C1_cash_reg_cash_features_cash_real_default,fit+pre,18,0.8404803976798167,0.9991262513501697,0.1417521813130814,0.00019535141215352528,55.5,1.0,85.0,"CASH regressor using CASH features, real logs only, APDTM-5 default representatives.",regressor,cash,cash_real,apdtm5_default,200,42,Default-only CASH rows prefer recorded v6_baseline_* rows; fallback is all-empty hyperparameters or nearest documented default when no baseline row exists.
C1_cash_reg_cash_features_cash_real_default,fit+sim,18,0.8942176190259133,0.9455104741668529,0.09093380954419977,0.011939376583373363,54.5,1.0,85.0,"CASH regressor using CASH features, real logs only, APDTM-5 default representatives.",regressor,cash,cash_real,apdtm5_default,200,42,Default-only CASH rows prefer recorded v6_baseline_* rows; fallback is all-empty hyperparameters or nearest documented default when no baseline row exists.
C1_cash_reg_cash_features_cash_real_default,fitn,18,0.9994302862106701,0.9988211535821304,0.0005697137893299989,0.0005697137893299989,1.0,1.0,85.0,"CASH regressor using CASH features, real logs only, APDTM-5 default representatives.",regressor,cash,cash_real,apdtm5_default,200,42,Default-only CASH rows prefer recorded v6_baseline_* rows; fallback is all-empty hyperparameters or nearest documented default when no baseline row exists.
C1_cash_reg_cash_features_cash_real_default,gen+sim,18,0.7432641903722202,0.799245276890118,0.2251331965121217,0.06789724489856944,78.5,1.0,85.0,"CASH regressor using CASH features, real logs only, APDTM-5 default representatives.",regressor,cash,cash_real,apdtm5_default,200,42,Default-only CASH rows prefer recorded v6_baseline_* rows; fallback is all-empty hyperparameters or nearest documented default when no baseline row exists.
C1_cash_reg_cash_features_cash_real_default,gene,18,0.9221794280520679,0.9836877076163094,0.06652292799868485,0.0025065948333613964,23.0,1.0,85.0,"CASH regressor using CASH features, real logs only, APDTM-5 default representatives.",regressor,cash,cash_real,apdtm5_default,200,42,Default-only CASH rows prefer recorded v6_baseline_* rows; fallback is all-empty hyperparameters or nearest documented default when no baseline row exists.
C1_cash_reg_cash_features_cash_real_default,mix-fit,18,0.8519338271589576,0.9519694696360275,0.12251090815137683,0.0027619399529378984,89.0,1.0,85.0,"CASH regressor using CASH features, real logs only, APDTM-5 default representatives.",regressor,cash,cash_real,apdtm5_default,200,42,Default-only CASH rows prefer recorded v6_baseline_* rows; fallback is all-empty hyperparameters or nearest documented default when no baseline row exists.
C1_cash_reg_cash_features_cash_real_default,mix-gen,18,0.7889180957185709,0.803389397239878,0.16908664169914273,0.021165282469999533,132.0,1.0,85.0,"CASH regressor using CASH features, real logs only, APDTM-5 default representatives.",regressor,cash,cash_real,apdtm5_default,200,42,Default-only CASH rows prefer recorded v6_baseline_* rows; fallback is all-empty hyperparameters or nearest documented default when no baseline row exists.
C1_cash_reg_cash_features_cash_real_default,mix-prec,18,0.7964235526344117,0.9157379359531661,0.17194057436914145,0.006771969951462342,100.0,1.0,85.0,"CASH regressor using CASH features, real logs only, APDTM-5 default representatives.",regressor,cash,cash_real,apdtm5_default,200,42,Default-only CASH rows prefer recorded v6_baseline_* rows; fallback is all-empty hyperparameters or nearest documented default when no baseline row exists.
C1_cash_reg_cash_features_cash_real_default,mix-simp,18,0.8524832691535147,0.8986296334438375,0.11926120556202169,0.015347034823161496,102.5,1.0,85.0,"CASH regressor using CASH features, real logs only, APDTM-5 default representatives.",regressor,cash,cash_real,apdtm5_default,200,42,Default-only CASH rows prefer recorded v6_baseline_* rows; fallback is all-empty hyperparameters or nearest documented default when no baseline row exists.
C1_cash_reg_cash_features_cash_real_default,pre+gen,18,0.7356939040278789,0.8888888888888888,0.2302401336247206,0.012622070694176047,115.5,1.0,85.0,"CASH regressor using CASH features, real logs only, APDTM-5 default representatives.",regressor,cash,cash_real,apdtm5_default,200,42,Default-only CASH rows prefer recorded v6_baseline_* rows; fallback is all-empty hyperparameters or nearest documented default when no baseline row exists.
C1_cash_reg_cash_features_cash_real_default,pre+sim,18,0.6503263325959447,0.9308722079219317,0.29130256115991515,0.0168683626629658,125.0,1.0,85.0,"CASH regressor using CASH features, real logs only, APDTM-5 default representatives.",regressor,cash,cash_real,apdtm5_default,200,42,Default-only CASH rows prefer recorded v6_baseline_* rows; fallback is all-empty hyperparameters or nearest documented default when no baseline row exists.
C1_cash_reg_cash_features_cash_real_default,prec,18,0.6419068494441252,0.7200110294625095,0.35419036944514576,0.010630551094651235,111.0,1.0,85.0,"CASH regressor using CASH features, real logs only, APDTM-5 default representatives.",regressor,cash,cash_real,apdtm5_default,200,42,Default-only CASH rows prefer recorded v6_baseline_* rows; fallback is all-empty hyperparameters or nearest documented default when no baseline row exists.
C1_cash_reg_cash_features_cash_real_default,simp,18,0.5954156810309374,0.7606327313599973,0.36326190423773075,0.08978488058944736,115.0,1.0,85.0,"CASH regressor using CASH features, real logs only, APDTM-5 default representatives.",regressor,cash,cash_real,apdtm5_default,200,42,Default-only CASH rows prefer recorded v6_baseline_* rows; fallback is all-empty hyperparameters or nearest documented default when no baseline row exists.
C2_cash_reg_cash_features_cash_full_clean_apdtm5_default,equal,18,0.8172918396957717,0.9036117245818678,0.14864287753746586,0.0161546928111786,117.5,1.0,990.5,"CASH regressor, full CASH dataset, APDTM-5 default representatives.",regressor,cash,cash_full,apdtm5_default,200,42,Default-only CASH rows prefer recorded v6_baseline_* rows; fallback is all-empty hyperparameters or nearest documented default when no baseline row exists.
C2_cash_reg_cash_features_cash_full_clean_apdtm5_default,fit+gen,18,0.9719509834091047,0.9762137787158461,0.025873965189504935,0.006005793593591534,5.5,1.0,990.5,"CASH regressor, full CASH dataset, APDTM-5 default representatives.",regressor,cash,cash_full,apdtm5_default,200,42,Default-only CASH rows prefer recorded v6_baseline_* rows; fallback is all-empty hyperparameters or nearest documented default when no baseline row exists.
C2_cash_reg_cash_features_cash_full_clean_apdtm5_default,fit+pre,18,0.831803174294536,0.9794451695310938,0.15023380103937728,0.008676971138449415,65.0,1.0,990.5,"CASH regressor, full CASH dataset, APDTM-5 default representatives.",regressor,cash,cash_full,apdtm5_default,200,42,Default-only CASH rows prefer recorded v6_baseline_* rows; fallback is all-empty hyperparameters or nearest documented default when no baseline row exists.
C2_cash_reg_cash_features_cash_full_clean_apdtm5_default,fit+sim,18,0.8937878795599821,0.8966585411300331,0.09133373889691117,0.012339305936084757,58.0,1.0,990.5,"CASH regressor, full CASH dataset, APDTM-5 default representatives.",regressor,cash,cash_full,apdtm5_default,200,42,Default-only CASH rows prefer recorded v6_baseline_* rows; fallback is all-empty hyperparameters or nearest documented default when no baseline row exists.
C2_cash_reg_cash_features_cash_full_clean_apdtm5_default,fitn,18,0.9976293753465681,0.9950317846102403,0.0023706246534318087,0.0023706246534318087,1.0,1.0,990.5,"CASH regressor, full CASH dataset, APDTM-5 default representatives.",regressor,cash,cash_full,apdtm5_default,200,42,Default-only CASH rows prefer recorded v6_baseline_* rows; fallback is all-empty hyperparameters or nearest documented default when no baseline row exists.
C2_cash_reg_cash_features_cash_full_clean_apdtm5_default,gen+sim,18,0.8055966541872446,0.9114831960311537,0.17274397927997798,0.015508027666425691,78.5,1.0,990.5,"CASH regressor, full CASH dataset, APDTM-5 default representatives.",regressor,cash,cash_full,apdtm5_default,200,42,Default-only CASH rows prefer recorded v6_baseline_* rows; fallback is all-empty hyperparameters or nearest documented default when no baseline row exists.
C2_cash_reg_cash_features_cash_full_clean_apdtm5_default,gene,18,0.9170505885856785,0.9245267747967247,0.07171714946227735,0.007700816296953893,30.0,1.0,990.5,"CASH regressor, full CASH dataset, APDTM-5 default representatives.",regressor,cash,cash_full,apdtm5_default,200,42,Default-only CASH rows prefer recorded v6_baseline_* rows; fallback is all-empty hyperparameters or nearest documented default when no baseline row exists.
C2_cash_reg_cash_features_cash_full_clean_apdtm5_default,mix-fit,18,0.836780814961609,0.9267798174844124,0.1359776544316608,0.01622868623322187,93.0,1.0,990.5,"CASH regressor, full CASH dataset, APDTM-5 default representatives.",regressor,cash,cash_full,apdtm5_default,200,42,Default-only CASH rows prefer recorded v6_baseline_* rows; fallback is all-empty hyperparameters or nearest documented default when no baseline row exists.
C2_cash_reg_cash_features_cash_full_clean_apdtm5_default,mix-gen,18,0.7808107967217082,0.7467162731746407,0.17618030686594127,0.028258947636798062,136.0,1.0,990.5,"CASH regressor, full CASH dataset, APDTM-5 default representatives.",regressor,cash,cash_full,apdtm5_default,200,42,Default-only CASH rows prefer recorded v6_baseline_* rows; fallback is all-empty hyperparameters or nearest documented default when no baseline row exists.
C2_cash_reg_cash_features_cash_full_clean_apdtm5_default,mix-prec,18,0.7919718697824537,0.9124642603748137,0.17618621030571152,0.01101760588803238,107.5,1.0,990.5,"CASH regressor, full CASH dataset, APDTM-5 default representatives.",regressor,cash,cash_full,apdtm5_default,200,42,Default-only CASH rows prefer recorded v6_baseline_* rows; fallback is all-empty hyperparameters or nearest documented default when no baseline row exists.
C2_cash_reg_cash_features_cash_full_clean_apdtm5_default,mix-simp,18,0.856891503970755,0.9161896983052757,0.11590800308240407,0.011993832343543879,99.0,1.0,990.5,"CASH regressor, full CASH dataset, APDTM-5 default representatives.",regressor,cash,cash_full,apdtm5_default,200,42,Default-only CASH rows prefer recorded v6_baseline_* rows; fallback is all-empty hyperparameters or nearest documented default when no baseline row exists.
C2_cash_reg_cash_features_cash_full_clean_apdtm5_default,pre+gen,18,0.7183718377964631,0.8799925419104552,0.24733930138895255,0.029721238458408003,125.0,1.0,990.5,"CASH regressor, full CASH dataset, APDTM-5 default representatives.",regressor,cash,cash_full,apdtm5_default,200,42,Default-only CASH rows prefer recorded v6_baseline_* rows; fallback is all-empty hyperparameters or nearest documented default when no baseline row exists.
C2_cash_reg_cash_features_cash_full_clean_apdtm5_default,pre+sim,18,0.628002762642682,0.8887290288268306,0.30971969928482107,0.03528550078787171,125.0,1.0,990.5,"CASH regressor, full CASH dataset, APDTM-5 default representatives.",regressor,cash,cash_full,apdtm5_default,200,42,Default-only CASH rows prefer recorded v6_baseline_* rows; fallback is all-empty hyperparameters or nearest documented default when no baseline row exists.
C2_cash_reg_cash_features_cash_full_clean_apdtm5_default,prec,18,0.6394506776863116,0.7981274424674725,0.35665577613656924,0.013095957786074745,111.0,1.0,990.5,"CASH regressor, full CASH dataset, APDTM-5 default representatives.",regressor,cash,cash_full,apdtm5_default,200,42,Default-only CASH rows prefer recorded v6_baseline_* rows; fallback is all-empty hyperparameters or nearest documented default when no baseline row exists.
C2_cash_reg_cash_features_cash_full_clean_apdtm5_default,simp,18,0.6652846421148518,0.8736224142610872,0.30512090805251296,0.03164388440422962,115.0,1.0,990.5,"CASH regressor, full CASH dataset, APDTM-5 default representatives.",regressor,cash,cash_full,apdtm5_default,200,42,Default-only CASH rows prefer recorded v6_baseline_* rows; fallback is all-empty hyperparameters or nearest documented default when no baseline row exists.
C3_cash_reg_cash_features_cash_full_clean_apdtm5_hparams,equal,18,0.9452310863272102,0.8820989171242292,0.04522641110464931,0.03237281260313854,12.0,6.5,17188.5,"CASH regressor, full CASH dataset, APDTM-compatible algorithms with hyperparameters.",regressor,cash,cash_full,apdtm5_hparams,200,42,
C3_cash_reg_cash_features_cash_full_clean_apdtm5_hparams,fit+gen,18,0.9837374961358751,0.9430826209455591,0.015582092283714469,0.015498862936029737,2.0,2.0,17188.5,"CASH regressor, full CASH dataset, APDTM-compatible algorithms with hyperparameters.",regressor,cash,cash_full,apdtm5_hparams,200,42,
C3_cash_reg_cash_features_cash_full_clean_apdtm5_hparams,fit+pre,18,0.9550099466355234,0.9258305766124901,0.04178426757106344,0.035727446345534326,11.5,10.0,17188.5,"CASH regressor, full CASH dataset, APDTM-compatible algorithms with hyperparameters.",regressor,cash,cash_full,apdtm5_hparams,200,42,
C3_cash_reg_cash_features_cash_full_clean_apdtm5_hparams,fit+sim,18,0.920622011856895,0.923077957756494,0.06813179607197317,0.021120554049752667,26.0,5.5,17188.5,"CASH regressor, full CASH dataset, APDTM-compatible algorithms with hyperparameters.",regressor,cash,cash_full,apdtm5_hparams,200,42,
C3_cash_reg_cash_features_cash_full_clean_apdtm5_hparams,fitn,18,0.9954295747851543,0.9904064320808481,0.004570425214845729,0.004570425214845729,1.0,1.0,17188.5,"CASH regressor, full CASH dataset, APDTM-compatible algorithms with hyperparameters.",regressor,cash,cash_full,apdtm5_hparams,200,42,
C3_cash_reg_cash_features_cash_full_clean_apdtm5_hparams,gen+sim,18,0.8894679852155404,0.9071411190954386,0.09864256572184689,0.02222225397649061,29.0,4.0,17188.5,"CASH regressor, full CASH dataset, APDTM-compatible algorithms with hyperparameters.",regressor,cash,cash_full,apdtm5_hparams,200,42,
C3_cash_reg_cash_features_cash_full_clean_apdtm5_hparams,gene,18,0.9645969553867142,0.9178216164716689,0.031432234467051665,0.020749740736217985,12.0,7.0,17188.5,"CASH regressor, full CASH dataset, APDTM-compatible algorithms with hyperparameters.",regressor,cash,cash_full,apdtm5_hparams,200,42,
C3_cash_reg_cash_features_cash_full_clean_apdtm5_hparams,mix-fit,18,0.9631537049824609,0.9346715845031814,0.03149138181888331,0.02181799785407075,8.5,6.0,17188.5,"CASH regressor, full CASH dataset, APDTM-compatible algorithms with hyperparameters.",regressor,cash,cash_full,apdtm5_hparams,200,42,
C3_cash_reg_cash_features_cash_full_clean_apdtm5_hparams,mix-gen,18,0.9298347163868068,0.8452361083899294,0.05772018723715538,0.03630245474697955,23.0,9.0,17188.5,"CASH regressor, full CASH dataset, APDTM-compatible algorithms with hyperparameters.",regressor,cash,cash_full,apdtm5_hparams,200,42,
C3_cash_reg_cash_features_cash_full_clean_apdtm5_hparams,mix-prec,18,0.9485476785602146,0.8833021567989926,0.044921338179184624,0.03232945501091327,11.5,6.0,17188.5,"CASH regressor, full CASH dataset, APDTM-compatible algorithms with hyperparameters.",regressor,cash,cash_full,apdtm5_hparams,200,42,
C3_cash_reg_cash_features_cash_full_clean_apdtm5_hparams,mix-simp,18,0.9354070164678898,0.9239245926053782,0.05209959515796934,0.017558651122942675,20.5,6.5,17188.5,"CASH regressor, full CASH dataset, APDTM-compatible algorithms with hyperparameters.",regressor,cash,cash_full,apdtm5_hparams,200,42,
C3_cash_reg_cash_features_cash_full_clean_apdtm5_hparams,pre+gen,18,0.9406382703851275,0.8895422693270025,0.05347041837713695,0.03391481664439965,10.5,4.0,17188.5,"CASH regressor, full CASH dataset, APDTM-compatible algorithms with hyperparameters.",regressor,cash,cash_full,apdtm5_hparams,200,42,
C3_cash_reg_cash_features_cash_full_clean_apdtm5_hparams,pre+sim,18,0.8660376966417405,0.8669918673767714,0.11452575652063615,0.05237496109583654,7.0,4.0,17188.5,"CASH regressor, full CASH dataset, APDTM-compatible algorithms with hyperparameters.",regressor,cash,cash_full,apdtm5_hparams,200,42,
C3_cash_reg_cash_features_cash_full_clean_apdtm5_hparams,prec,18,0.8914693827936316,0.9104816378110991,0.1077372285405351,0.07803208170607734,22.0,4.5,17188.5,"CASH regressor, full CASH dataset, APDTM-compatible algorithms with hyperparameters.",regressor,cash,cash_full,apdtm5_hparams,200,42,
C3_cash_reg_cash_features_cash_full_clean_apdtm5_hparams,simp,18,0.761889168429393,0.7924314680650393,0.21688131766745805,0.07661432181656767,34.5,7.5,17188.5,"CASH regressor, full CASH dataset, APDTM-compatible algorithms with hyperparameters.",regressor,cash,cash_full,apdtm5_hparams,200,42,
C4_cash_reg_cash_features_cash_full_clean_all_algos_default,equal,18,0.8170949926144189,0.925887293134742,0.14918528237830303,0.034100523840055845,117.5,1.0,1982.0,"CASH regressor, full CASH dataset, all CASH algorithms default representatives.",regressor,cash,cash_full,cash_all_default,200,42,Default-only CASH rows prefer recorded v6_baseline_* rows; fallback is all-empty hyperparameters or nearest documented default when no baseline row exists.
C4_cash_reg_cash_features_cash_full_clean_all_algos_default,fit+gen,18,0.971214238351036,0.9871685635296861,0.026584083068846385,0.006962748944430219,6.5,1.0,1982.0,"CASH regressor, full CASH dataset, all CASH algorithms default representatives.",regressor,cash,cash_full,cash_all_default,200,42,Default-only CASH rows prefer recorded v6_baseline_* rows; fallback is all-empty hyperparameters or nearest documented default when no baseline row exists.
C4_cash_reg_cash_features_cash_full_clean_all_algos_default,fit+pre,18,0.8283503618076363,0.9756766510989898,0.15358708585798453,0.015296885647657651,68.5,1.0,1982.0,"CASH regressor, full CASH dataset, all CASH algorithms default representatives.",regressor,cash,cash_full,cash_all_default,200,42,Default-only CASH rows prefer recorded v6_baseline_* rows; fallback is all-empty hyperparameters or nearest documented default when no baseline row exists.
C4_cash_reg_cash_features_cash_full_clean_all_algos_default,fit+sim,18,0.9042912652281324,0.9851566754512135,0.08264809981750713,0.006357862235337852,38.5,1.0,1982.0,"CASH regressor, full CASH dataset, all CASH algorithms default representatives.",regressor,cash,cash_full,cash_all_default,200,42,Default-only CASH rows prefer recorded v6_baseline_* rows; fallback is all-empty hyperparameters or nearest documented default when no baseline row exists.
C4_cash_reg_cash_features_cash_full_clean_all_algos_default,fitn,18,0.9976293753465681,0.9969672847977995,0.0023706246534318087,0.0023706246534318087,1.0,1.0,1982.0,"CASH regressor, full CASH dataset, all CASH algorithms default representatives.",regressor,cash,cash_full,cash_all_default,200,42,Default-only CASH rows prefer recorded v6_baseline_* rows; fallback is all-empty hyperparameters or nearest documented default when no baseline row exists.
C4_cash_reg_cash_features_cash_full_clean_all_algos_default,gen+sim,18,0.7610486327442701,0.8703747658383088,0.21829265301535425,0.08486741954015874,78.5,1.5,1982.0,"CASH regressor, full CASH dataset, all CASH algorithms default representatives.",regressor,cash,cash_full,cash_all_default,200,42,Default-only CASH rows prefer recorded v6_baseline_* rows; fallback is all-empty hyperparameters or nearest documented default when no baseline row exists.
C4_cash_reg_cash_features_cash_full_clean_all_algos_default,gene,18,0.9166056263356896,0.9528586658297772,0.07206863287766252,0.008052299712339055,41.0,1.0,1982.0,"CASH regressor, full CASH dataset, all CASH algorithms default representatives.",regressor,cash,cash_full,cash_all_default,200,42,Default-only CASH rows prefer recorded v6_baseline_* rows; fallback is all-empty hyperparameters or nearest documented default when no baseline row exists.
C4_cash_reg_cash_features_cash_full_clean_all_algos_default,mix-fit,18,0.8338597117046469,0.9633319960225099,0.1385736372968497,0.021766594534650876,94.5,1.0,1982.0,"CASH regressor, full CASH dataset, all CASH algorithms default representatives.",regressor,cash,cash_full,cash_all_default,200,42,Default-only CASH rows prefer recorded v6_baseline_* rows; fallback is all-empty hyperparameters or nearest documented default when no baseline row exists.
C4_cash_reg_cash_features_cash_full_clean_all_algos_default,mix-gen,18,0.8307970510240534,0.9552807341844048,0.1335564865147835,0.026438734725493587,95.5,1.0,1982.0,"CASH regressor, full CASH dataset, all CASH algorithms default representatives.",regressor,cash,cash_full,cash_all_default,200,42,Default-only CASH rows prefer recorded v6_baseline_* rows; fallback is all-empty hyperparameters or nearest documented default when no baseline row exists.
C4_cash_reg_cash_features_cash_full_clean_all_algos_default,mix-prec,18,0.8022475617914913,0.9620036538684826,0.16686372311887057,0.012826243189350483,107.5,1.0,1982.0,"CASH regressor, full CASH dataset, all CASH algorithms default representatives.",regressor,cash,cash_full,cash_all_default,200,42,Default-only CASH rows prefer recorded v6_baseline_* rows; fallback is all-empty hyperparameters or nearest documented default when no baseline row exists.
C4_cash_reg_cash_features_cash_full_clean_all_algos_default,mix-simp,18,0.8556965800988264,0.9441958015582029,0.11692749898279284,0.02376837863934102,87.5,2.0,1982.0,"CASH regressor, full CASH dataset, all CASH algorithms default representatives.",regressor,cash,cash_full,cash_all_default,200,42,Default-only CASH rows prefer recorded v6_baseline_* rows; fallback is all-empty hyperparameters or nearest documented default when no baseline row exists.
C4_cash_reg_cash_features_cash_full_clean_all_algos_default,pre+gen,18,0.7694312768821786,0.97122726314401,0.19809073501963534,0.013835123843199472,103.0,1.0,1982.0,"CASH regressor, full CASH dataset, all CASH algorithms default representatives.",regressor,cash,cash_full,cash_all_default,200,42,Default-only CASH rows prefer recorded v6_baseline_* rows; fallback is all-empty hyperparameters or nearest documented default when no baseline row exists.
C4_cash_reg_cash_features_cash_full_clean_all_algos_default,pre+sim,18,0.7019924524498014,0.9491379739955791,0.2449891105662043,0.02386608004422221,89.5,1.0,1982.0,"CASH regressor, full CASH dataset, all CASH algorithms default representatives.",regressor,cash,cash_full,cash_all_default,200,42,Default-only CASH rows prefer recorded v6_baseline_* rows; fallback is all-empty hyperparameters or nearest documented default when no baseline row exists.
C4_cash_reg_cash_features_cash_full_clean_all_algos_default,prec,18,0.6412716016525359,0.8431231077034934,0.3548422994367574,0.04476864567416447,107.0,2.0,1982.0,"CASH regressor, full CASH dataset, all CASH algorithms default representatives.",regressor,cash,cash_full,cash_all_default,200,42,Default-only CASH rows prefer recorded v6_baseline_* rows; fallback is all-empty hyperparameters or nearest documented default when no baseline row exists.
C4_cash_reg_cash_features_cash_full_clean_all_algos_default,simp,18,0.6510511333848868,0.855472704023384,0.327569061106739,0.10966068343471086,85.0,1.0,1982.0,"CASH regressor, full CASH dataset, all CASH algorithms default representatives.",regressor,cash,cash_full,cash_all_default,200,42,Default-only CASH rows prefer recorded v6_baseline_* rows; fallback is all-empty hyperparameters or nearest documented default when no baseline row exists.
C5_cash_reg_cash_features_cash_full_clean_all_algos_hparams,equal,18,0.9394238049423949,0.9394238049423949,0.05057570038605528,0.05057570038605528,13.5,13.5,38818.0,"CASH regressor, full CASH dataset, all CASH algorithms and observed hyperparameters.",regressor,cash,cash_full,cash_all_hparams,200,42,
C5_cash_reg_cash_features_cash_full_clean_all_algos_hparams,fit+gen,18,0.9927428070478455,0.9927428070478455,0.0066202908787606485,0.0066202908787606485,1.0,1.0,38818.0,"CASH regressor, full CASH dataset, all CASH algorithms and observed hyperparameters.",regressor,cash,cash_full,cash_all_hparams,200,42,
C5_cash_reg_cash_features_cash_full_clean_all_algos_hparams,fit+pre,18,0.9521603016523404,0.9521603016523404,0.04483058529733783,0.04483058529733783,11.5,11.5,38818.0,"CASH regressor, full CASH dataset, all CASH algorithms and observed hyperparameters.",regressor,cash,cash_full,cash_all_hparams,200,42,
C5_cash_reg_cash_features_cash_full_clean_all_algos_hparams,fit+sim,18,0.9700231419108211,0.9700231419108211,0.025306386811727907,0.025306386811727907,3.5,3.5,38818.0,"CASH regressor, full CASH dataset, all CASH algorithms and observed hyperparameters.",regressor,cash,cash_full,cash_all_hparams,200,42,
C5_cash_reg_cash_features_cash_full_clean_all_algos_hparams,fitn,18,0.9992206154289937,0.9992206154289937,0.0007793845710063166,0.0007793845710063166,1.0,1.0,38818.0,"CASH regressor, full CASH dataset, all CASH algorithms and observed hyperparameters.",regressor,cash,cash_full,cash_all_hparams,200,42,
C5_cash_reg_cash_features_cash_full_clean_all_algos_hparams,gen+sim,18,0.9142234508680652,0.9142234508680652,0.08063087758173432,0.08063087758173432,2.0,2.0,38818.0,"CASH regressor, full CASH dataset, all CASH algorithms and observed hyperparameters.",regressor,cash,cash_full,cash_all_hparams,200,42,
C5_cash_reg_cash_features_cash_full_clean_all_algos_hparams,gene,18,0.9797464541892867,0.9797464541892867,0.018756890506221813,0.018756890506221813,4.0,4.0,38818.0,"CASH regressor, full CASH dataset, all CASH algorithms and observed hyperparameters.",regressor,cash,cash_full,cash_all_hparams,200,42,
C5_cash_reg_cash_features_cash_full_clean_all_algos_hparams,mix-fit,18,0.9383658470962852,0.9383658470962852,0.053262447739338754,0.053262447739338754,16.0,16.0,38818.0,"CASH regressor, full CASH dataset, all CASH algorithms and observed hyperparameters.",regressor,cash,cash_full,cash_all_hparams,200,42,
C5_cash_reg_cash_features_cash_full_clean_all_algos_hparams,mix-gen,18,0.9614928211146351,0.9614928211146351,0.031757415285671164,0.031757415285671164,5.0,5.0,38818.0,"CASH regressor, full CASH dataset, all CASH algorithms and observed hyperparameters.",regressor,cash,cash_full,cash_all_hparams,200,42,
C5_cash_reg_cash_features_cash_full_clean_all_algos_hparams,mix-prec,18,0.9333390028412369,0.9333390028412369,0.05887908599033495,0.05887908599033495,15.0,15.0,38818.0,"CASH regressor, full CASH dataset, all CASH algorithms and observed hyperparameters.",regressor,cash,cash_full,cash_all_hparams,200,42,
C5_cash_reg_cash_features_cash_full_clean_all_algos_hparams,mix-simp,18,0.9679186850202142,0.9679186850202142,0.027131520023008393,0.027131520023008393,6.0,6.0,38818.0,"CASH regressor, full CASH dataset, all CASH algorithms and observed hyperparameters.",regressor,cash,cash_full,cash_all_hparams,200,42,
C5_cash_reg_cash_features_cash_full_clean_all_algos_hparams,pre+gen,18,0.9267628465136225,0.9267628465136225,0.06627736044185924,0.06627736044185924,19.5,19.5,38818.0,"CASH regressor, full CASH dataset, all CASH algorithms and observed hyperparameters.",regressor,cash,cash_full,cash_all_hparams,200,42,
C5_cash_reg_cash_features_cash_full_clean_all_algos_hparams,pre+sim,18,0.8834223744172033,0.8834223744172033,0.09872403299274844,0.09872403299274844,8.0,8.0,38818.0,"CASH regressor, full CASH dataset, all CASH algorithms and observed hyperparameters.",regressor,cash,cash_full,cash_all_hparams,200,42,
C5_cash_reg_cash_features_cash_full_clean_all_algos_hparams,prec,18,0.8713972224937212,0.8713972224937212,0.12738975867546698,0.12738975867546698,16.5,16.5,38818.0,"CASH regressor, full CASH dataset, all CASH algorithms and observed hyperparameters.",regressor,cash,cash_full,cash_all_hparams,200,42,
C5_cash_reg_cash_features_cash_full_clean_all_algos_hparams,simp,18,0.8901552637785747,0.8901552637785747,0.10025129773094738,0.10025129773094738,1.0,1.0,38818.0,"CASH regressor, full CASH dataset, all CASH algorithms and observed hyperparameters.",regressor,cash,cash_full,cash_all_hparams,200,42,
B0_apdtm_cls_apdtm_features_original,MEAN,16,0.5240204973267626,0.37721482568525533,0.41633763120247597,0.2564579989648931,145.0,2.0,800.8125,APDTM faithful baseline: original APDTM meta-database only.,classifier,apdtm,apdtm_original,apdtm5_default,100,10,Default-only CASH rows prefer recorded v6_baseline_* rows; fallback is all-empty hyperparameters or nearest documented default when no baseline row exists.
B1_apdtm_cls_apdtm_features_original_plus_cash_real,MEAN,16,0.7241868574665223,0.7305424743215572,0.24604898008008844,0.08616934784250553,124.5,2.0,815.8125,APDTM classifier with original APDTM plus CASH real APDTM-feature rows.,classifier,apdtm,apdtm_original_plus_cash_real,apdtm5_default,100,10,Default-only CASH rows prefer recorded v6_baseline_* rows; fallback is all-empty hyperparameters or nearest documented default when no baseline row exists.
B2_apdtm_cls_cash_features_cash_real_default,MEAN,18,0.7745262005131771,0.762603779783601,0.1989268379315301,0.04959336393331518,115.0,1.0,16.055555555555557,"APDTM-style classifier trained on CASH features, real logs only.",classifier,cash,cash_real,apdtm5_default,100,10,Default-only CASH rows prefer recorded v6_baseline_* rows; fallback is all-empty hyperparameters or nearest documented default when no baseline row exists.
B3_apdtm_cls_cash_features_cash_real_synthetic_default,MEAN,18,0.7802464110392617,0.7965786494595786,0.19364921115659253,0.044315737158377576,108.5,1.0,78.05555555555556,"APDTM-style classifier trained on CASH features, real plus synthetic logs.",classifier,cash,cash_real_synthetic,apdtm5_default,100,10,Default-only CASH rows prefer recorded v6_baseline_* rows; fallback is all-empty hyperparameters or nearest documented default when no baseline row exists.
B4_apdtm_cls_cash_features_cash_full_clean_default,MEAN,18,0.782474875557672,0.8056552155400316,0.19146081387747213,0.042127339879257195,109.0,1.0,131.22222222222223,"APDTM-style classifier trained on CASH features, full CASH dataset.",classifier,cash,cash_full,apdtm5_default,100,10,Default-only CASH rows prefer recorded v6_baseline_* rows; fallback is all-empty hyperparameters or nearest documented default when no baseline row exists.
C0_cash_reg_apdtm_features_cash_real_default,MEAN,16,0.6321102338320259,0.6335881255520479,0.3127922438086626,0.15291261157107963,98.5,1.0,60.9375,CASH-style regressor using APDTM features and APDTM default metrics on real logs.,regressor,apdtm,cash_real,apdtm5_default,200,42,Default-only CASH rows prefer recorded v6_baseline_* rows; fallback is all-empty hyperparameters or nearest documented default when no baseline row exists.
C1_cash_reg_cash_features_cash_real_default,MEAN,18,0.8079178708226984,0.9016807670844285,0.16704784556101387,0.017714371562798956,76.0,1.0,85.0,"CASH regressor using CASH features, real logs only, APDTM-5 default representatives.",regressor,cash,cash_real,apdtm5_default,200,42,Default-only CASH rows prefer recorded v6_baseline_* rows; fallback is all-empty hyperparameters or nearest documented default when no baseline row exists.
C2_cash_reg_cash_features_cash_full_clean_apdtm5_default,MEAN,18,0.8101783600503814,0.9019728297467965,0.165733599707168,0.016400125708953064,80.0,1.0,990.5,"CASH regressor, full CASH dataset, APDTM-5 default representatives.",regressor,cash,cash_full,apdtm5_default,200,42,Default-only CASH rows prefer recorded v6_baseline_* rows; fallback is all-empty hyperparameters or nearest documented default when no baseline row exists.
C3_cash_reg_cash_features_cash_full_clean_apdtm5_hparams,MEAN,18,0.9260715127326785,0.9024027283309415,0.06561446772894024,0.0334137890573198,12.5,5.0,17188.5,"CASH regressor, full CASH dataset, APDTM-compatible algorithms with hyperparameters.",regressor,cash,cash_full,apdtm5_hparams,200,42,
C4_cash_reg_cash_features_cash_full_clean_all_algos_default,MEAN,18,0.8188387907610782,0.9425242089453723,0.15907660091411482,0.028995923243902943,68.5,1.0,1982.0,"CASH regressor, full CASH dataset, all CASH algorithms default representatives.",regressor,cash,cash_full,cash_all_default,200,42,Default-only CASH rows prefer recorded v6_baseline_* rows; fallback is all-empty hyperparameters or nearest documented default when no baseline row exists.
C5_cash_reg_cash_features_cash_full_clean_all_algos_hparams,MEAN,18,0.9413596426210161,0.9413596426210161,0.052744868994147966,0.052744868994147966,6.0,6.0,38818.0,"CASH regressor, full CASH dataset, all CASH algorithms and observed hyperparameters.",regressor,cash,cash_full,cash_all_hparams,200,42,
